CustomerName,CustomerAddress,ContactDetails
Saar de Haas,"Jadehof 28, 8573QK, Wijnbergen",+31(0)426 088516
Senna Laffray,"Thomsteeg 9, 1329YP, Andijk",+31152-862383
Evi Verbruggen-van der Pluijm,"Ryanboulevard 2, 8560DV, Hoofdplaat",(0965) 668474
Ayoub van der Brink,"Brianweg 165, 1823 TG, Stegeren",+31918 392105
Sienna van Oostendorp,"Loekboulevard 93, 8146QC, Farmsum",0120 998169
Mats van de Biesenbos-Stuivenberg,"Josephinesingel 4, 2546 FN, Oldetrijne",+31(0)968 673525
Twan Lommert,"Helenalaan 5, 3880GY, Nieuwlande",+3129 0741024
Ian van Orleans-Schatteleijn,"Fayboulevard 74, 7837OS, Katwijk NB",(0735)-272488
Romy de Haan-van Rijnsbergen,"Fennapad 0, 4439 MK, Hank",+31(0)29 8362435
Twan Ehlert,"Jacobpad 637, 3347 HA, Groenlo",+31283 851764
Mehmet Verhoeven,"Tesshof 539, 7156 XD, Kortenhoef",+31(0)64-1648760
Rik van der Meulen,"Evadreef 3, 5514SY, Scherpenzeel",0372-978545
Mara van der Zijl,"Jortbaan 6, 6081 OH, Rouveen",+31(0)065 011513
Anna Schrik,"Tylerweg 174, 7504 EC, Kootwijk",+31(0)51 3963976
Ivy Schenkel-Hendricks,"Félineboulevard 734, 4683 RL, Biest-Houtakker",010-6713906
Ben Labado,"Ninthestraat 4, 8260 VH, Steendam",+3101 2953079
Mick Aarts,"Ibrahimsingel 58, 1716OM, Bornerbroek",+31(0)195 735401
Tyler van der Kint-de Koning,"Sjoerdpad 06, 9263 GN, Winterswijk",+31(0)39 0131023
Alexander Amalrada,"Ibrahimboulevard 9, 2216NB, Maren-Kessel",+31(0)003-719264
Ize van Haspengouw Hesbaye-Fechant,"Yinthebaan 841, 5040 XY, Hekendorp",+31030-878211
Isabella Weyland,"Guusdreef 2, 4544 WL, Brouwershaven",0425 384516
Mirte van Veen,"Adrianasteeg 23, 5690 QA, Noordeinde",+31617 055552
Vincent Sestig,"Jordystraat 121, 1822 AO, Kedichem",(0829)-579783
Esmee Adriaansen,"Timoboulevard 041, 3580XJ, Heerenveen",(0187)-218886
Tara Jans,"Lunastraat 82, 7719BE, Kloetinge",0610 177559
Benthe Oosterhout,"Saardreef 7, 2715 ND, Borger",+31(0)38-2780058
Noud van Northeim-van Kuijc,"Lunapad 245, 6951NG, Kuinre",086-6893781
Faas van Dam,"Bartbaan 380, 6213 MA, Ekehaar",+31798 149127
Quinn van de Plas,"Boazhof 510, 3604 VT, De Goorn",+31(0)13 2033355
Philip Speijer-le Briel,"Youssefboulevard 6, 3257 ZB, Muntendam",+31139-279439
Joy Aertsz-van den Heuvel,"Berendstraat 473, 7511 FA, Idsegahuizum",+31(0)585-117263
Charlotte Miner-van het Heerenveen,"Annering 679, 2248ZX, Vuren",073-9874937
Sienna Roose,"Nathanpad 7, 1148 SF, Zeijerveen",(0080)-742960
Ryan van Rossum,"Bibiweg 454, 6257 TA, 't Veld",+31(0)43 6412557
Jet Huel,"Ellasteeg 617, 2345GJ, Rijswijk",(014) 3423943
Lucy van der Laar,"Jamiedreef 687, 9759RQ, Zeegse",052-0647685
Jacob Rousselet-Klomp Jan,"Mikebaan 2, 7668PF, Hulten",(0610) 886191
Lizz Glasses,"Olafweg 595, 4946ZH, Goor",052-0391419
Senna van Brenen-Hoeks,"Alexanderpad 05, 5068 AJ, Grootschermer",(0737) 957579
Linn Sprong,"Standreef 53, 1619 PM, Slappeterp",+31(0)301-861006
Jordy Houdijk,"Beratbaan 24, 3468DA, Hummelo",+3142 9246104
Loïs van den Brand-van Nederlotharingen,"Marksteeg 79, 3380 JI, Steenwijkerwold",0537 686653
Amina le Briel,"Bopad 292, 5109HJ, Wouwse Plantage",(026)-3102845
Senna Joosten,"Ravisteeg 744, 7153 KM, Lage Mierde",+31644 680641
Mark Cornelissen-Wolfswinkel,"Yasminebaan 37, 4477 UL, Braamt",+31811-423739
Danique Wouters van Eijndhoven-Verbeek,"Leonpad 09, 9423CQ, Castricum",+31(0)76-1547583
Abel Vastenhouw-Bos,"Berendlaan 9, 7975 XL, Teteringen",(000) 4039006
Sofia Scholten-Brievingh,"Elizebaan 001, 4338 ZK, Eesterga",+31(0)69 7326956
Mara Hellevoort,"Noorpad 652, 5754 WH, Kloosterzande",+31712-997878
Amélie Keltenie,"Berenddreef 4, 6723VH, Lieshout",+31363-257548
Kim Schrant,"Aaliyahlaan 9, 6834RV, Meerkerk",+31(0)819 871561
Mason Kriens-Brouwer,"Loesdreef 8, 9838 CH, Oudemolen",+31(0)44-9650740
Amira van Kasteelen,"Kevinboulevard 02, 9718 EP, Oudorp",+31(0)151-357930
Kaylee Molen,"Niekweg 0, 2889TC, Daarle",+31(0)91-8598808
Rayan Heere,"Oliviasingel 884, 8905 KZ, Maasbommel",+3121 0290147
Victor Meis,"Jackbaan 294, 9519SF, Eeserveen",+31636 332414
Jente Dijkstra,"Zarastraat 3, 9999KY, Waal",(0055) 551892
Jet Westerburg,"Amirhof 801, 4162 DQ, Braamt",+31(0)24 4248018
Jort van de Noordmark-Kalman,"Lottering 37, 2232 XZ, Langeveen",+3168-3124352
Dylano Wunderink,"Adamboulevard 263, 9830 WU, Nuland",(0233) 395617
Bradley Mulders,"Keanoboulevard 199, 2528NN, Stroobos",0905 037053
Finn Weeldenburg,"Bosingel 83, 3841 WN, Hekendorp",0485-897708
Jack Brandon-Schokman,"Melissabaan 2, 1754ZF, Munnekeburen",+31(0)37-4541801
Puck van Arnsberg,"Rikring 3, 7582 VF, Bakel",0489-808248
Puck Momberg,"Finnpad 6, 4562RE, Loon op Zand",+31(0)397-306137
Lars van de Coterlet-van Egisheim,"Sandersingel 6, 1334MT, Buchten",(069) 8251381
Sofia Maaswinkel,"Kyradreef 84, 8257 BF, Hinnaard",(0527) 402310
Wouter Schrik,"Colinbaan 258, 3467 UY, Ees",(074)-5417710
Xavi Doesburg,"Leahdreef 2, 4939RD, Stedum",(049)-7611557
Stef Meyer,"Tijmenhof 5, 3156 DY, Zalk",0207 942273
Yara Borman-Uphuis,"Kyanboulevard 27, 4152BC, Kollum",013-3467137
Cornelis van Kuijc,"Gijssingel 2, 4388 BE, Goor",(077)-2980718
Mila van de Berg-de Beer,"Majastraat 6, 8173VC, Collendoorn",0246-731955
Mart van Venrooy,"Mickdreef 093, 5270OJ, Zevenhoven",+31(0)95 1141043
Lisa Verschuere-Hekker,"Pukboulevard 2, 9323OY, Goirle",(0006) 072210
Jasmijn Borman-Jekel,"Dylanoboulevard 99, 8353 CG, Vlist",040-3700632
Giovanni Post-van Beieren,"Zoeysingel 00, 5037 KQ, Clinge",016-0273522
Sofie Ehlert-de Swart,"Matssingel 6, 2711XS, Gendringen",+31(0)753 465625
Luuk Emmen-Winnrich,"Elisabethbaan 6, 2254 ZK, Mariënberg",+31(0)92-6447009
Jake van Stralen,"Juliasingel 8, 4824YF, Oudewater",0613-271821
Fabiënne de Grunt,"Maxring 67, 7727 NM, Hernen",+31120 808576
Hidde Steenbakkers,"Jamesstraat 15, 6827RL, Zandberg",+31(0)56 9228053
Livia Friehus-Adelaar,"Ryanboulevard 439, 5873NW, Millingen aan de Rijn",+31264-962418
Jonas Luster,"Aylinsteeg 0, 8982 AU, Schimmert",023 4247999
Evy Draaisma,"Cornelisring 50, 2908MA, Twello",+31678 955994
Gerrit van Velzen,"Veerlesteeg 767, 6841LU, Winterswijk Huppel",0291 059818
Ibrahim Roodesteijn,"Kickweg 2, 3898QV, Folsgare",+31(0)86 1020995
Thom Shupe,"Jaspersingel 20, 8092 IH, Zweins",+31(0)982-355440
Nathan Thatcher,"Ilsehof 9, 7226 FA, Akmarijp",+31(0)44-4583982
Amber Willemsen,"Steflaan 87, 7053KQ, Hilvarenbeek",0205 669438
Tessa Hazenveld,"Jentestraat 73, 2438 OG, Schinveld",+3157 5469465
Merle Kirpenstein,"Isisstraat 915, 2368FE, Nieuwaal",042-1108057
Robin Schulten,"Loeklaan 44, 9489AS, Haule",+31(0)827-439944
Luc van der Horst,"Katering 073, 6144 DY, Bedum",+31(0)69 0807683
Vera de Werd,"Nielspad 026, 5402 NO, Pieterburen",(076) 2038035
Mika Keijser,"Novastraat 6, 9435NU, Kelpen-Oler",068-6283549
Evy Koster,"Oscarboulevard 18, 5801 PU, 's-Gravendeel",078 9288697
Jasmijn Bökenkamp-van der Mast,"Jortdreef 475, 1465EL, Wouwse Plantage",015-9525559
Brian Keijzer,"Fleurring 488, 3374 RX, Poortvliet",+31(0)703-408800
Esmée Hoeks,"Faasring 46, 6179YZ, Sint Jansteen",+31271-764774
Giovanni Jansdr-Jochems,"Aylindreef 081, 6036 MZ, Veenoord",+31(0)711-606090
Lauren Jonker,"Wouthof 94, 5684OV, Oijen",(067) 9874055
Norah van Haspengouw Hesbaye-David,"Ariedreef 369, 6539II, Wezup",+31(0)60-0099917
Dion Roodesteijn-Timmerman,"Ivylaan 00, 6441IK, Broek in Waterland",+3157 3902735
Alexander van Klaarwater,"Thijnring 6, 6488RQ, Winterswijk Henxel",+31(0)92 9563636
Tijs Bastiaanse-Riem,"Joshuapad 428, 6069KO, Nijensleek",+31002 746345
Joëlle Roosenboom,"Tobiasdreef 183, 1914ZL, Leons",+3104 5052469
Mees Dorsman,"Johannesboulevard 1, 9770 QL, Wijk en Aalburg",(0399)-465592
Jayson die Pelser,"Kevinsteeg 778, 7769 IE, Jisp",+31(0)895 950258
Sienna Pasman,"Annaweg 5, 1449 EN, Schouwerzijl",(062)-1245272
Rick Smit,"Nathanlaan 14, 6609JO, Oldebroek",+31(0)50 0626310
Sepp Saxo,"Victoriaboulevard 471, 7795BO, Schijf",+31(0)23 9713690
Benthe van Mispelen,"Charlotteweg 010, 7448SZ, Wommels",+31(0)40 0776724
Zoë van der Stael de Jonge-van Ooste,"Tylerhof 603, 1603IT, Beerze",+31989 201151
Elizabeth de Korte,"Kyanlaan 560, 9321 IF, De Glind",+31(0)43 6414300
Nick Martens,"Pimhof 84, 3727 VV, Walem",098-6973220
Loek Dachgeldt,"Zeyneplaan 26, 8496 ID, Kekerdom",+31733 460788
Jim Tuithof,"Jaydenpad 731, 2088RX, Aalst",089-4270593
Jordy van der Spaendonck,"Vincentbaan 4, 2119PV, Voorburg",+3116 0285192
Faas van Spreuwel,"Roanbaan 042, 3881 NP, Vianen NB",0483 713441
Maarten van Henegouwen,"Ivyring 74, 9119 IW, Sint-Michielsgestel",(005)-3821861
Julian Wilson-Ligtvoet,"Hiddesingel 633, 4101 FM, Arnemuiden",+3114-1671243
Julie Sam,"Michellestraat 161, 1765IM, Wijnaldum",069-9874594
Kyara Blonk,"Thomdreef 96, 3990UE, Ten Post",+3175-8352133
Seth van den Nuwenhijsen,"Lukalaan 945, 6962 BW, Papendrecht",(0462)-049181
Amin Boogaerts-Brandon,"Felixboulevard 101, 9949JO, Jutrijp",(044) 7626025
Michael de Gratie,"Livialaan 920, 3783 IU, Zandvoort",083 7077799
Jorn van Boven,"Michaelsingel 559, 5593 TU, Tholen",(007)-4315846
Mara van der Berg-Cosman,"Fienpad 391, 2593 ST, Putten",(016) 4611837
Rosalie Hendricks,"Marijnstraat 8, 2663VP, Mander",+31(0)825-659166
Kayleigh Flink,"Lizaring 71, 2063 YR, Slootdorp",+3141 6676222
Sep Peronne,"Larsring 11, 4204 AH, Empe",+31(0)148-506627
Fem van Es,"Stefansingel 25, 2338QZ, Startenhuizen",001-4189090
Bjorn Lensen,"Fennesteeg 810, 3790 FS, Uitgeest",0458 543904
Amin Woudenberg-Wolters,"Jenniferlaan 08, 9206BU, Goëngahuizen",0375 546412
Mehmet van der Meer-Mercks,"Annabelhof 23, 3584GN, Punthorst",+31(0)101-581252
Fenna Rijn,"Tomsteeg 502, 1717IV, Briltil",+31061-471434
Mick de Man,"Veralaan 998, 5680LJ, Opeinde",(019) 5039487
Bjorn van Spreuwel,"Marabaan 3, 7886 TM, Wirdum",000-4293915
Chris Rouwenhorst,"Zakariahof 207, 1437QQ, Heeze",+31(0)42 4664299
Maaike van der Heijden,"Stanhof 953, 8005 NO, Medemblik",(006) 7794863
Thijn Vertooren,"Joëllering 4, 2266CE, Rijpwetering",+31905 096324
Mark van den Pol-Pastoors,"Tombaan 381, 7600MY, Andel",(0724)-353471
Thom Huijbrechts,"Gerritstraat 1, 2137XL, Oosterwolde",+31271-860425
Annabel Mahieu,"Johannaboulevard 9, 8035ED, Hichtum",+31(0)888 687779
Simon Jerusalem,"Dewisingel 191, 9456BO, Loon",+3180-9044197
Arie Koster,"Timring 77, 6940HO, Mander",+31(0)02 7010154
Fedde Jekel-Schilt,"Deanweg 40, 6848 ID, Toldijk",+31(0)30 3153740
Aiden Opmans,"Kyradreef 920, 4397 UG, Oentsjerk",+3165-5590639
Julie van Laon,"Zeynepbaan 430, 9025 PY, Idzega",054 9981123
Hanna Prinsen,"Bradleysteeg 108, 2711 MW, Meerlo",+31(0)76-2743320
Amber van Hostaden,"Tiesweg 37, 9736 XE, Holsloot",(0211) 860391
Jonas van den Hoek,"Lynnpad 3, 4378GP, Ten Post",0375 656915
Myrthe Mallien,"Bibihof 425, 2761 RF, Noordeloos",+31554 815945
Selena Jonker,"Karlijnbaan 05, 1881YL, Eenum",+31(0)577-689536
Felix Jeggij,"Floorweg 5, 2552RO, Burgwerd",+31(0)371-140554
Helena Ariens,"Loislaan 216, 5534 JE, Leidschendam",(0068) 438442
Micha van Laon,"Catosingel 11, 8750 OD, Groet",+31(0)05 5860931
Felix Elsemulder,"Arthurweg 44, 9660VT, Ambt Delden",0503-411563
Roan Janssen-de Bruin,"Felixhof 758, 7888 BT, Hoge Hexel",+3120-1665378
Tom van Eck,"Esméesteeg 9, 3353AU, Aartswoud",+31(0)713-616429
Elizabeth Moet,"Aaliyahweg 05, 4493YK, Vlierden",(0422) 566498
Jenna van Zwaben,"Duukweg 82, 2638MY, Pieterburen",+31136 521313
Giovanni van Oosten,"Deanlaan 96, 6406RK, Neeritter",(071) 6534685
Ella Verbeeck,"Thomring 80, 4733 JV, Oudeschild",+31272-945450
Dani Lieshout,"Benthebaan 9, 5067AV, Boskoop",+3137 8289740
Myrthe Bleijenberg,"Puckhof 05, 3279 VY, Jonkersvaart",+31929-743054
Britt Köster-Volcke,"Hendriksteeg 70, 8658UL, Haringhuizen",+3138 4308209
Duuk Jdotte,"Davidpad 512, 6457XX, Oosteind",(033)-4686739
Nikki van Ham-Bloemendaal,"Fayring 9, 5456 FW, Enumatil",056-7213825
Jurre Kramer,"Thijndreef 32, 2957XE, Katwijk NB",+31(0)983 437436
Mads Lommert,"Tychoring 205, 3261UC, Herwijnen",(068)-6079796
Senna Weerdenburg,"Ellaboulevard 9, 2792AX, Geulle",035 5058752
Leah van der Hoeven,"Boazdreef 44, 5313 JY, Tjuchem",061 6013458
Hailey Dennenberg,"Stefstraat 44, 5351VH, Ens",+31(0)52 5407295
Olivier Jacobi,"Emirstraat 51, 6254 WJ, Watergang",+31(0)84-5154424
Vajèn van der Avoirt-de Smit,"Victorsingel 25, 7293IU, Veenendaal",0376 668089
Joep van de Noordmark-van der Pouw,"Casdreef 4, 7148 TO, Nederweert",(0494) 358447
Faas van Leeuwen,"Naomisingel 816, 9883 FJ, Bakkeveen",+31020 122398
Luke Evers,"Danipad 04, 5715XD, Dwingeloo",+31(0)928 718396
Alyssa van Stralen-Wolffel,"Justinboulevard 34, 4017JK, Kekerdom",+3146 8754480
Olivia Hoes-van Wessex,"Angelinasteeg 451, 2561VO, Eelde",0067-604293
Rosa Ligtvoet,"Lukastraat 907, 2399FI, Zeijerveld",(052)-8921168
Benjamin Govarts,"Colinlaan 6, 6744IZ, Jonkersvaart",(053) 1806597
Noor Hofman,"Jurrestraat 8, 6310YN, Milheeze",+31(0)08 9378728
Elisabeth Ligtvoet-van der Maes,"Brianpad 57, 6188 HP, Ressen",0375-619480
Emily van der Velden-Mater,"Lanahof 624, 5338OA, Dalem",+3120-5434459
Mia Van Bragt,"Verabaan 3, 6019 AB, Cothen",0607 281968
Sofia van Rossum,"Quinnstraat 11, 6744ZN, Vrouwenakker",+31(0)38 2362246
Mick Courtier,"Lennpad 9, 2674 DH, Elp",+31(0)673-040458
Noa Bekbergen-van Voorhout,"Yaradreef 94, 9783 CY, Anderen",(0312) 461199
Alyssa Scuylenborchs,"Aliciahof 749, 9292 MS, Heumen",+3153-7208296
Evie Verhagen,"Jesseboulevard 62, 5652JY, Kaatsheuvel",+31387 852371
Dave van Kuijc van Malsen-van der Veiver,"Collinstraat 166, 1163KW, Meerstad",(029) 3025086
Puk van Wel,"Tijmensteeg 2, 1072GF, Driehuizen",+3195 7060173
Sterre van der Laar,"Ivypad 871, 4410 RU, Nieuwlande",+3195 3269613
Ibrahim Bijlsma,"Florisweg 6, 1583MI, Ekehaar",+3168 4530335
Bart van Doorn,"Jaysonstraat 137, 1156JA, Balloo",(085) 1119100
Amir van Olst-van der Pol,"Julesweg 76, 8498DM, Egchel",0589-851838
Joshua Roukes,"Miabaan 62, 5051VR, Kalenberg",081 4660795
Jason van der Pouw,"Jaylinnlaan 95, 6246 YK, Akmarijp",(092)-7600491
Renske Loreal,"Mohammedweg 274, 7288ZH, Kerk-Avezaath",(0335) 173459
Julie Beernink,"Maritlaan 5, 7258 YI, Eeserveen",0679 914528
Sil Blonk,"Victoriastraat 1, 5263 ON, Almen",+31(0)47 8459763
Lieke die Witte,"Félinestraat 1, 3485 XQ, Kloosterzande",+31(0)40-6225924
Timo Dennenberg-Schenk,"Jonathansteeg 127, 3828VC, Bakel",+31(0)464-445373
Mare Dachgelder,"Jasonstraat 1, 6854 CX, Lochem",(072)-6715686
Thom van Henegouwen,"Jentebaan 48, 3310CW, Nisse",+3114-8896181
Jet Godfrey van Alemannië-Roosenboom,"Ivyring 3, 1110 RB, Puth",098-8314588
Annemijn van Geenen,"Laurenbaan 1, 1238KA, Boschoord",+31(0)75 8646316
Elena Cornelisz,"Thijnring 96, 8950WR, Kerk-Avezaath",055-7862473
Giovanni Symons,"Twandreef 9, 6016RS, Deest",(0728)-906956
Stella Vaessen,"Sethboulevard 7, 3606 CG, Losdorp",029 5261491
Pien Woutersz,"Daphnestraat 86, 2418ZY, Hensbroek",(0037) 200637
Jort Bakker,"Angelinaweg 312, 1109WN, Espel",+31(0)077 185932
Angelina Huurdeman,"Lizzydreef 664, 1614FV, Boxmeer",0067 981000
Mohamed van de Brink,"Annalaan 83, 3683BJ, Peins",053 7511156
Emily Postma,"Luuksteeg 5, 3984AV, De Schiphorst",0373 509009
Zoë Verheij-le Luc,"Emirboulevard 75, 2636 RG, Vierpolders",0585-711832
Zoey van Geenen,"Lucaweg 442, 3907 CW, de Lutte",(097) 8906602
Jonas le Floch,"Emmalaan 555, 5082LS, Den Hoorn",+31131-298840
Janna de Graaf,"Silbaan 138, 7644 UR, Linden",+3172 8675471
Oscar Sprong-Mens,"Roossteeg 6, 4626JE, Sappemeer",(069)-5255320
Esmée Kwaadland-de Gruson,"Estherboulevard 528, 4458RI, Hoofdplaat",(0923)-591163
Amelia Ansems,"Madeliefhof 47, 8563 PR, Reeuwijk",(0694)-186116
Lynn Koster,"Elifhof 0, 2957VM, Vijfhuizen",+31(0)54 2210075
Niels Vergeer,"Imranboulevard 286, 8187UH, Roosteren",051 4683044
Roan Boogaerts,"Aidenpad 21, 6788KO, Hunsel",+31(0)208-702800
Morris van der Sande,"Abelsingel 12, 4399 JD, 's-Heer Arendskerke",+31(0)353 678336
Duuk Martens,"Julialaan 3, 4894CY, Noordeloos",+31(0)296 285558
Maud van Loon,"Rensbaan 03, 9215DY, Waddinxveen",+31292 171245
Daphne Kok-Brumleve,"Dylanoweg 3, 6236CG, Vriescheloo",0826 153926
Ise Walter-Meeusen,"Sophiasteeg 758, 4990PV, Posterholt",+3184 7339666
Wessel van Maasgouw,"Jesseboulevard 855, 7421 KF, Boer",+31262 688508
Brian Remmers-Pierson,"Ariebaan 92, 9705HC, Beugen",056 9488970
Luca de Gruijl,"Mathijshof 32, 8849UD, Graft",044-1423609
Mats Schatteleijn,"Kayleesingel 023, 4533CU, Vaals",+31(0)572-848149
Lieve Adriaansen,"Ravipad 445, 4076UZ, Boekel",(0517)-318838
Evy Teunissen,"Arthurbaan 55, 9847ED, Vledderveen",+31159-441830
Zoey van Rheineck-Huurdeman,"Daniquelaan 885, 4817BF, Benschop",+31(0)034 501253
Mads van Beek,"Sterresteeg 531, 6083 QW, Barendrecht",(087)-2178191
Pieter Michiels-Veltman,"Nadiabaan 292, 1284 TL, Ellewoutsdijk",+31(0)209 458778
Thijs van Nus,"Kyraring 6, 6509SH, Thorn",(0926) 348255
Mart van Schevinghuizen,"Stanboulevard 62, 1817HJ, Lunteren",0016-853704
Joris Rutten,"Laurensring 1, 8024 CU, Zwaagdijk-Oost",+31(0)88-7616320
Jolijn Koster,"Jorissteeg 007, 3679 CC, Wieringerwerf",(055)-9330765
Danique van der Meer,"Stijnstraat 02, 8205 SO, Lomm",(067)-1066342
Sam van Noort,"Veradreef 4, 1061TY, Haarsteeg",(043)-6882649
Elisa Boers,"Marinusweg 085, 3310XJ, Jislum",+31(0)728-561607
Faye Wolffel,"Milaboulevard 9, 8332 KC, Warfstermolen",+31(0)470 885582
Sem Brandt,"Suuspad 739, 6071 JU, Ellertshaar",+3143 4874381
Lizzy Zwijsen-The Elder,"Renskesteeg 6, 7667QR, Sint Maarten",+31(0)729 305549
Rosa van Beek,"Mayastraat 2, 7403 XJ, Muntendam",+31910-290184
Alyssa van de Wal,"Rikboulevard 929, 1822 QK, Apeldoorn",(061)-3365788
Alex Hendriks,"Elinsingel 5, 7365 KA, Loozen",057-0875807
Thijmen Wigman,"Alexring 090, 2076 CC, Reduzum",+31(0)46 0931032
Mia Meijer,"Tijnbaan 65, 2773IL, Sellingen",+31(0)313-743547
Amy Michielsen,"Maudsteeg 18, 3420CT, Aartswoud",0320 210983
Emir Jekel,"Imkelaan 10, 2867FP, de Hoef",(0993) 785539
Twan van Schevinghuizen,"Maredreef 06, 7201GA, Heinkenszand",063 9725950
Jayden Melet-van Nimwegen,"Dylanring 31, 3864 VM, Scheemda",+31810-277366
Jan van Wallaert,"Tycholaan 8, 3735 HJ, Musselkanaal",0021-101401
Berend Roodesteijn,"Niekstraat 3, 2805 OL, Slenaken",0220-241098
Kaylee Rouwhorst,"Tychobaan 1, 2327 OA, Klazienaveen",(0307)-785368
Bas Kleijse,"Brentboulevard 57, 2380SX, Lieveren",(0514)-210586
Sofia van der Brink,"Thomweg 97, 1132 AD, Katwijk",(0782) 376993
Maja Dircken,"Elisalaan 95, 3726PN, Hardenberg",0655-729932
Liv Gemen,"Guusjedreef 67, 7566 AC, Erlecom",(045)-9512489
Anna Hermans-Jorrisen,"Femkedreef 48, 8378JA, Pijnacker",066-0182358
Mart Hulshouts-Momberg,"Duukbaan 190, 1242 RO, Alblasserdam",+31300 226530
Kyra Waltrade Walderade,"Mayahof 6, 1571 QR, Een",+3111 4727035
Meike Kloppert,"Matssingel 6, 9548 BR, Ameide",033-9563161
Luka Guit-Tirie,"Bradleyhof 2, 1683 QX, Longerhouw",+3198 4155113
Maya van Liendert,"Evelienweg 8, 4839 FY, Maashees",0255-041309
Maria Govarts,"Catharinapad 16, 4404 WC, Nijehaske",(0136)-105213
Elisabeth Koret,"Mirtering 385, 6510 CZ, Sint Nicolaasga",+31(0)71-6735382
Wout van der Horst,"Yfkedreef 256, 5225GD, Neerloon",+31(0)066 791829
Ravi Zeemans,"Naomiring 236, 4437 BR, Hoogmade",082 1915767
Jens Wunderink,"Evieboulevard 0, 4585SB, Hedikhuizen",+31928 109378
Seth Goyaerts van Waderle,"Woutsingel 329, 1088 SK, Rottum",+3169 0168228
Mason van de Velden,"Ayoubbaan 531, 5354XY, Kerk Avezaath",0904-061455
Morris Bouwhuisen,"Ilsepad 0, 4652 LS, Molenaarsgraaf",+31(0)79-4525659
Youssef de Jode Vastraedsd,"Bibiring 250, 5827SR, Oosterstreek",+31(0)53-7537563
Arie van Mook,"Jinthepad 85, 2247UY, Ingber",+3156-0531453
Elizabeth van den Oever,"Cornelissteeg 8, 3594IG, Winterswijk Ratum",+3160-1737501
Olivia Strik-Michielsen,"Pucksingel 24, 6143IO, Beek en Donk",+3108-4141050
Noah de Bock,"Milostraat 113, 2612XH, De Kiel",+31(0)719 593402
Noa Coenen-Feltzer,"Iseboulevard 19, 7022MK, Gersloot",+31(0)41-6233220
Tim van der Pol-de Grote,"Levistraat 73, 5134 XC, Beringe",+31(0)801-639323
Aaliyah van Gastel,"Noasingel 767, 4164 TA, Vijfhuizen",(0175) 242046
Melle Weijland,"Ivandreef 72, 4147AH, Kolhorn",+31454 428825
Aiden Willemsen-Dachgelder,"Vajènpad 580, 8570 ZP, Hensbroek",0218 779653
Hanna de Groot,"Evydreef 784, 7300 NR, Blokzijl",+31071-227887
Sienna Reimes,"Dionpad 88, 2550 GP, Westhem",(0920) 905370
Simon Werdes,"Julianbaan 748, 3095PT, Elshout",+3172 9414901
Noud Kamper,"Aydenstraat 547, 7577 XN, Lytsewierrum",053-0730761
Tom van Salm,"Merelboulevard 09, 2141 BB, Landerum",+31(0)652 804851
Muhammed de Reede-Klomp Jan,"Wouterpad 333, 9092CF, Brucht",+31(0)62-8548125
Philip Beourgeois,"Tychoring 690, 4454 WM, Veere",(0483)-508701
Amber Jones,"Finnlaan 24, 4166WP, Elahuizen",0881-482043
Zoey Pons,"Woutring 71, 6480 RM, Koudekerke",+31(0)92-0681264
Esmee le Guellec,"Samring 7, 4132 DT, Werkendam",+31(0)279-817438
Olaf Teunissen,"Tobiassteeg 2, 6859 ZR, Wittem",0370-321826
Senna Jans,"Woutsingel 05, 1670GP, Rohel",(0338) 472805
Brent van Breukeleveen,"Svenboulevard 396, 4811 BX, Sommelsdijk",+31(0)90-4783749
Mehmet Verkade,"Rickhof 47, 2414WO, Klazienaveen-Noord",+31(0)607 041992
"Milan Werl-Arnsberg, van","Mirtesteeg 424, 3274UT, Walsoorden",+31(0)658 761456
Jolie van de Eerenbeemt-van Ommeren,"Femkeweg 2, 6689 NO, Tollebeek",(0955)-125810
Nadia Cadefau,"Lexsteeg 65, 9077JG, Roderesch",+31139 587047
Jordy Groen,"Daandreef 312, 7253 VA, Stoutenburg",+31(0)66 5236588
Sep Meijer,"Miadreef 920, 3317QT, Stegeren",0867-081195
Esmee Schrant-Ansems,"Youssefboulevard 82, 7459 OT, Werkhoven",073-3529504
Fatima van Gemert,"Iansingel 638, 4467 UN, Grijpskerk",(041) 7406251
Ise van Leeuwen,"Zaralaan 58, 4040 WG, Rijen",0090-726626
Kyra Recer,"Ibrahimbaan 09, 6139LB, Soerendonk",+31874-650192
Liv van Haspengouw Hesbaye,"Aydenweg 993, 4818FM, Sandfirden",007 8182900
Dina Gerrits,"Lennpad 00, 8838 AP, Notter",+31(0)391-971899
Silke Coreth von und zu Coredo und Starkenberg-Keijser,"Ricksingel 3, 4250SA, Sappemeer",022-9082803
Marinus van Beek,"Faasdreef 3, 6125YS, Nijetrijne",+31(0)04 3370557
Maud Weijters,"Lisesingel 613, 4007 MQ, Lage Zwaluwe",(0276) 480173
Jayda Bosch,"Floorhof 990, 8526HI, Noordlaren",+31705-383418
Giovanni Mijsberg,"Brentweg 069, 3618AH, Broek",+3131-5141688
Joy Ketel,"Lievepad 135, 9316 CV, Buitenpost",(0994) 400796
Maria Kalman-die Witte,"Benjaminboulevard 475, 6643MM, Diemen",0950 125338
Maartje Veenendaal,"Davestraat 8, 6970GN, Winssen",+31(0)200-610775
Maxim van Kuijc,"Madsbaan 7, 2297ZA, Hollandsche Rading",060-0213361
Elize de Wit,"Kyanlaan 87, 9134 OE, Sas van Gent",093-0496410
Lara Heribert van Laon,"Nathanpad 4, 3795 ZW, Drachtstercompagnie",+31(0)88 1813551
Saar Schatteleijn,"Stansteeg 5, 5642AT, Dodewaard",(027)-1088890
Esmee die Bont,"Stansingel 52, 5858FW, Steenderen",+31829-418208
Kim Broeckx,"Ellalaan 6, 9214WV, Ouwsterhaule",+3175-9864039
Jens Lathrope,"Arthurlaan 06, 4525 LM, Gorssel",0309 345811
Jake van Dommelen-van Haarlem,"Daniëlhof 8, 5189SB, Zwiggelte",(0510) 483859
Tess Dijkman,"Lynnbaan 46, 5523 WI, De Punt",009 8142898
Puck Roessink,"Simonstraat 9, 2088 LZ, Julianadorp",+31(0)158 414569
Tess van der Heijden-de Beer,"Milanhof 47, 5791JS, Den Hoorn",+31(0)631 573874
Senna van den Velde-Lorreijn,"Fienepad 24, 8458IK, Luxwoude",+31961 625462
Amy Groenendaal-van de Water,"Fennesingel 4, 3701 OG, Ingen",(0378)-283848
Fabian Zwijsen-van Beeck Beeckmans,"Norahsteeg 942, 6543 MI, Zwinderen",+31(0)37-6029756
Sten Pison,"Leahstraat 3, 3329VS, Voorthuizen",+31(0)596 175956
Timo Wolzak,"Fienbaan 19, 7191WL, Hemrik",0040-015291
Lex Hoppenbrouwer,"Irissingel 0, 8188 EV, Waalre",050 9269284
Joy Schrik-Lage,"Daphnebaan 8, 9893 UI, Rolde",+31(0)54-3043777
Sepp van Geenen,"Pienring 817, 6218IW, Tienhoven",+3103-8116417
Victoria Lambers-Stinis,"Mirthestraat 61, 4529 NF, Hekelingen",+31(0)608 835673
Nynke Haengreve-Govarts,"Keanoboulevard 40, 2969 EM, Peize",+3189-0303367
Mika Brizee-Wilson,"Lievepad 4, 7927 AB, Klimmen",097 6557920
Sten Schiffer,"Marinussingel 3, 5253 WK, Tienray",050 3781353
Dana van der Smeede,"Bibihof 920, 5865BC, Zundert",+31(0)14-0047594
Luke Cornelissen,"Fennalaan 7, 8368HV, 's-Gravenhage",031 8880262
Emily van Hostaden,"Ayastraat 2, 5694 FT, Ravenswoud",+31(0)618-718429
Jonathan Vaessen,"Alyssaboulevard 86, 4663YO, Espel",+31(0)209 657364
Senna Mens,"Maartenpad 94, 5888VA, Onna",+31517 047452
Yassin Vignon,"Gielring 4, 9336ME, Zurich",+3167-4980620
Ravi van Rijthoven,"Annasingel 1, 4013 AX, Pijnacker",+31334-166202
Inaya Scharroo,"Stenweg 11, 8576 YE, Kommerzijl",(0174) 219309
Selena Huel,"Samidreef 826, 2734 FL, Loosdrecht",+3190-1286263
Louise van Ham,"Fennasteeg 96, 2401 XN, Koedijk",(0867)-538733
Elias van Liendert,"Jentepad 674, 6423 WX, Marijenkampen",(046) 7382464
Romy Engels,"Fabiandreef 5, 1998ZO, Sonnega",051-2616630
Luke de Koning-Vignon,"Felineboulevard 727, 5995BU, Monnickendam",0362 541273
Jaylinn Mater,"Thijsstraat 359, 8365SM, Angerlo",+31(0)71 1251167
Sarah Mol,"Carlijndreef 8, 1476 ZK, Melick",(056) 8467192
Johanna van der Zijl,"Kaisingel 4, 8447PY, Nieuwstadt",+31(0)72-2034267
Sophia de Vos,"Bilalbaan 123, 1440RT, Slijk-Ewijk",(0153) 523818
Nina Texier,"Samuellaan 68, 4652 RQ, Nederhemert",(0839)-275815
Annemijn van de Klashorst,"Bradleystraat 12, 6834XB, Smallebrugge",+31(0)33-0556028
Puck Heijmans,"Nauddreef 38, 2140LG, Nieuw Annerveen",+31422-410339
Emir van Hamaland,"Esméebaan 282, 9134UZ, Schiphol-Rijk",+31139 468888
Nathan Hulskes,"Jaydaring 287, 6687SN, Wernhout",(034)-4169263
Thomas van 't Wel,"Noahweg 000, 4743 UE, Nieuw Scheemda",+31243-245612
Bibi Zaal-Verhaar,"Norahweg 6, 9204 RU, Papenhoven",046 9128482
Simon Groen,"Jurresteeg 9, 4752 SC, Daarlerveen",(0320) 199150
Ninthe Vrancken-Sas,"Kianhof 301, 4054XP, Tersoal",0258-187957
Ella VI-van Lucel,"Sennapad 770, 2784 LP, Lutten",055-5918388
Marijn Eerden,"Lindseystraat 0, 1352 BZ, Scharmer",051 1692348
Stella Schulten,"Julianring 948, 6212YA, Wierum",(0384) 691877
Femke de Werd,"Arthurboulevard 4, 3715 NA, Panningen",+31(0)95 0896031
Hailey Kerkhof,"Angelinasingel 81, 6655DB, Bergambacht",+31(0)91-2592211
Amira Furda-Jurrijens,"Isabelbaan 3, 2774 QS, Oostvoorne",0973 688189
Merle Kloppert-Goedhart,"Pieterbaan 745, 3380GB, Mussel",(018)-0658966
Sebastiaan de Pauw,"Bjornring 07, 9462 RZ, Heesselt",(060) 5862939
Marinus Uphaus,"Aronsteeg 684, 1102MU, Berkel en Rodenrijs",+31(0)49-0929190
Matthijs van der Velde-Amalrada,"Laurenshof 628, 9097DP, Ellewoutsdijk",007 5836981
Maurits Dekker-de Bruin,"Dylanostraat 68, 6746EZ, Zeerijp",0364-782107
Quinty van Breukeleveen,"Gielhof 34, 4884YM, Beers NB",(0466) 112805
Hamza Blonk,"Tessalaan 0, 8868ZC, Nieuw-Roden",(057)-4608284
Loïs Boogaerts,"Tessaweg 373, 7120 IE, Ottersum",(0642)-649651
Koen van Dam-van Vlaanderen,"Jannedreef 541, 2706SK, Mensingeweer",(0397) 867323
Ruben van der Maes,"Faystraat 386, 3533 CK, Deurne",+31(0)33-5738527
Lukas Uphaus,"Joëldreef 060, 6191 QD, Krimpen aan de Lek",(0777) 111578
Cas Tins,"Kimhof 9, 1367 UX, Eede",+31(0)031 579896
Adriana van Beaumont,"Anoukring 6, 1075HG, Ter Aar",0168-234528
Myrthe Van Bragt,"Chrissteeg 735, 2990QC, Hemrik",+31(0)239-707327
Gerrit Mansveld-Spiker,"Juliettelaan 3, 5735 VR, 's-Heerenhoek",(092) 5644276
Jorn Lambregt,"Jasperbaan 6, 5616 DR, Bodegraven",000 3230510
Ecrin Verkade,"Youssefboulevard 552, 2222XT, Wenum Wiesel",(0864) 690823
Wesley Janse,"Kayleebaan 0, 8868FE, Spanga",0348-143505
Stefan Scherms,"Mikabaan 12, 8119YH, Nieuwlande",(097)-6806686
Kayleigh van Tours,"Jaylinnbaan 905, 3961QG, Westkapelle",(0298)-172993
Eliza Klein,"Feddesteeg 1, 4044IG, De Koog",+31(0)29-0643054
Elisabeth Pison-van Haspengouw Hesbaye,"Emilyhof 0, 5952YF, Rijnsaterwoude",+3164-6681460
Annabel van Hulten,"Eviestraat 432, 2864 KD, Klein Zundert",(0773)-132787
Fenna Jorrisen-Recer,"Alexstraat 343, 1205EX, Creil",0676 423626
Arthur Rijntjes-van der Linden,"Rooslaan 45, 7569QM, Sluis",(069)-9889358
Ise van Santen,"Jannestraat 1, 9074OI, Uitwellingerga",+31(0)244-639829
Fabiënne van den Corput,"Rubendreef 43, 4382 XO, Boornbergum",+31792 208959
Selena Wilmont,"Hugosingel 80, 4794WD, Matsloot",+31(0)729 217253
Joshua Janse,"Vajènboulevard 430, 6928MR, Kerkdriel",+31648-917350
Amina Galijn-van de Pavert,"Rensring 20, 3216CW, Stramproy",+31036-868870
Wesley van den Nieuwenhuijsen-Timmerman,"Matthijsboulevard 58, 2380 BZ, Ridderkerk",+31(0)36 0739230
Emma de Swart,"Thomaslaan 9, 3202MH, Workum",+31125 763175
Liv Langevoort,"Mettesingel 5, 5358XP, Nijensleek",070-6971052
Zeynep Doorhof,"Hiddebaan 599, 2164 ZN, Lopikerkapel",(0838)-442326
Sem van der Pol,"Floorbaan 0, 7661UM, Lauwerzijl",(0277)-598469
Oscar Lankle-Moensendijk,"Timsteeg 12, 2698 UM, Zeist",0498 931326
Catharina Wolfswinkel,"Davehof 71, 7900HI, Mariënberg",+31048-905071
Elias Rutten-Mangel,"Annabelhof 50, 3996 EI, Reeuwijk",+31(0)526 588597
Jan Muijs-Weerdenburg,"Hendriksteeg 710, 5325 PL, Stokkum",(0931) 423997
Esila de Plantard,"Esilaboulevard 47, 4198 NK, Zweins",(0009)-438972
Frederique Weylant,"Rayanboulevard 558, 9145 EC, Beneden-Leeuwen",0904-151675
Sepp Feenstra-d' Heripon,"Lexpad 4, 3459 MW, Swalmen",+3116-0045971
Mirte van Berkel-Ariens,"Morrispad 9, 8826 ZH, Wetering",(097)-1713650
Tijn van Straaten,"Arthurbaan 41, 5683EM, Bronneger",+31(0)62 6850172
Lucas van der Pluijm-Broeshart,"Cashof 9, 3163 QS, Ballum",+31298 324270
Jayden Roosenboom-Hoedemakers,"Joepdreef 766, 2082CP, Reitsum",(085)-8081741
Eva Cammel,"Loeksingel 969, 9078 IX, Hulsberg",(0642) 943726
Siem Keltenie,"Lizesingel 261, 7408XE, Lochem",+31670-238581
Bart Godfrey van Alemannië-Recers,"Linndreef 76, 8949 PW, Zuurdijk",+31(0)125-575712
Amelia Vos-Vos,"Danistraat 247, 5510 SA, Sibculo",+31(0)16-2396651
Stella Kirpenstein,"Kikibaan 662, 2403 BJ, Erichem",(005) 6080823
Elias Kleijse,"Ilsedreef 23, 8605SA, Foxwolde",+31(0)560 316984
Noortje Kisman,"Jonaslaan 186, 5306 BG, Bergen aan Zee",(0658) 602300
Daan van de Veen,"Ryanhof 9, 5525SA, Velsen-Noord",+31(0)73 2958982
Faas Tins,"Victoriahof 26, 1473UH, Kwintsheul",093-1839846
Carlijn Zuidweg-Schuylenborch,"Jonathanbaan 76, 8909AG, Brandwijk",065 8197537
Evie Carnotte-Prins,"Fleursteeg 09, 8465 IK, Wezep",0035-581597
Aimée van Waas,"Hannapad 90, 4712GP, Klaaswaal",(0244)-663653
Jasper van der Laan,"Bibihof 2, 7286ZR, Scheemda",064 8214009
Isabel Smit,"Gijsweg 424, 4590RQ, Buinen",0518-660386
Lizz Kleibrink,"Ilselaan 96, 4345MS, Boijl",+3161 1042255
Jasper Broeshart-de Roo,"Martlaan 42, 6525HF, Goënga",+31(0)483-092722
Melle Rouwenhorst-Visser,"Vajènring 9, 3521XD, Stevensweert",+31(0)64-1015336
Felix Verhagen,"Davering 921, 1843 IL, Meerlo",(0994)-978676
Kim Luster-van den Nuwenhuysen,"Emilyhof 976, 1668 SN, Dalerveen",(039) 6786042
Stella Remmers,"Vigolaan 1, 8173 FW, Randwijk",022 7721097
Yusuf van 't Riet,"Madeliefweg 11, 5563 NZ, Reijmerstok",+31(0)890-975925
Wesley van der Noot,"Loesstraat 488, 5680PA, Spierdijk",+31(0)02 1568782
Jayden van Emmelen,"Yassinhof 569, 6657 HT, Aarle-Rixtel",0253 065592
Ties Zwart,"Bryandreef 1, 7724NP, Thesinge",+31651 722476
Rafael Oversteeg,"Woutbaan 824, 6497VO, Luyksgestel",0574-122567
Romy van der Smeede,"Dylanopad 9, 9644OJ, Batenburg",(092) 4789357
Jan Westerburg,"Zoëbaan 881, 7148 YE, Katlijk",+31251 740797
Eline van Gelder-van Vliet,"Ilsehof 194, 8230 PR, Zuidvelde",(0423) 268239
Megan Sterkman,"Elisering 9, 7675QD, Medemblik",+31(0)030 548987
"Jack West-Francië, van-Hermans","Rosaliestraat 263, 3213 PQ, Ulft",(047)-4106555
Luna Hendriks,"Roansteeg 2, 9205 DY, Deest",009 5191210
Johanna van Oostendorp,"Silweg 3, 6167 NQ, Lemiers",(077) 9152339
Sanne Stoffelsz,"Joyring 41, 3819 TC, Koedijk",045 2420186
Raf Fechant,"Danibaan 791, 9856PQ, Geerdijk",(043) 7150147
Vera Ulrich,"Eveliensteeg 07, 3975BX, Harkstede",(040)-3943741
Yusuf Gerritse,"Izebaan 0, 2231 BX, Haren Gn",+31596-126659
Anouk Gnodde-Teunissen,"Nielsring 90, 6133 JJ, Haule",+31(0)08-9278034
Elias Everde,"Mikestraat 264, 5256 SL, Beuningen",029 0846648
Naomi van Kempen,"Abelhof 8, 6013 DE, Munnekezijl",067-4655153
Yasmine Rouwenhorst-Claassen,"Laurenweg 7, 4892 FE, Varik",044 0126063
Zoey Wilson,"Rosasingel 39, 8452GL, 't Zandt",+31(0)03 5918989
Lana Riem,"Naudpad 5, 2028GT, Jorwert",+31(0)26-8627669
Micha van Ochten,"Pippasingel 6, 4610 TM, Dinxperlo",+31(0)639 542307
Brent Vertooren,"Zeynepbaan 3, 2472KY, Sellingen",+31784-395412
Ties van Opper-Lotharingen,"Esmeehof 3, 7020SK, Helenaveen",(0747)-505658
Alex Henric van den Nuwenhuse,"Thijmenpad 423, 7158ZW, Longerhouw",(058) 9514086
Julia Rubben-Huel,"Maxlaan 86, 7218LD, Vollenhove",+3169-6823605
Senn Roose,"Samipad 2, 9294 TE, Schardam",(0452) 121400
Rosalie van Wijk,"Valerielaan 147, 9157GZ, De Weere",+3171 5199942
Suze Jones,"Aronsteeg 4, 5198HA, Nietap",054-9097109
Maja Verda-Merkx,"Noutdreef 4, 2517 BK, Kudelstaart",(084) 8370168
Raf Schrant,"Joëllaan 801, 1947NW, Horssen",+3159-7839237
Luc le Guellec,"Esmeebaan 17, 4030 OC, Oosterwijtwerd",(0205)-792142
Sienna Mangel,"Duukstraat 12, 1090 LL, Zuidland",+31(0)78-7614482
Michael van Enschot,"Eliassingel 2, 5450 QK, Ederveen",0466 729240
Benthe de Jonge,"Johannessteeg 149, 5264 VR, Tonden",+31(0)180-132363
Tristan van Brenen-Weijland,"Samuelweg 5, 8119GS, Haalderen",(041) 1450052
Fenne van Lucel-Huurdeman,"Jilllaan 6, 2175 CF, Velsen-Zuid",003 6213392
Ian Schotte-Nieuwstraten,"Michaelpad 19, 7541 PN, Nijeberkoop",(057) 2785907
Brent de Bruin,"Bibibaan 82, 5478SB, Kloetinge",039 4949537
Lotte Schwartsbach,"Linastraat 958, 9864 WV, Hazerswoude-Rijndijk",0893-502107
Aaron Bastiaanse,"Emirsingel 8, 8324BF, Vilsteren",+31(0)824 890241
Fay Stamrood,"Vincentstraat 0, 7022BS, Wormerveer",+31(0)135-851339
Nadia van de Berg,"Joeysteeg 57, 4890 KH, Lucaswolde",025 0589654
Kaylee Spies,"Sarahlaan 7, 4990 OK, Vinkenbuurt",+3103 5966229
Pepijn Kuijpers,"Wouterdreef 2, 8916SW, Oirsbeek",0842 377715
Elena van Bergen-Olthof,"Jayboulevard 54, 7030 ZF, Blauwhuis",0899-407558
Bilal van Gils-van 't Erve,"Félinehof 11, 5128OH, Groesbeek",+31(0)846 220423
Quinn Zaal-Arent,"Julianpad 53, 2080IB, Slagharen",+31(0)919 607068
Youssef Pasman-Butselaar,"Helenaweg 2, 2658AG, Alteveer gem Hoogeveen",063 8194964
Esther Huijbrechts,"Thijmensteeg 8, 7831SE, Baexem",+3197 4149650
Zara de Gruil,"Johannasteeg 570, 7790PV, Deinum",+31(0)65 3032404
Kyano Vermeulen,"Lennsingel 3, 6312 CQ, Warns",(0668) 750250
Mara van Ommeren,"Benweg 845, 7405CA, Erp",(0648)-598294
Jacob van Emmelen,"Niekstraat 045, 7658 WM, Overloon",+31572 300070
Janna van Duvenvoirde,"Kyanobaan 6, 9524TK, Abbenes",+31836 109052
Meike Spruyt,"Meikelaan 2, 1081 NN, Lekkum",(0095) 219300
Twan van der Kint,"Elisabethbaan 1, 2841MJ, Marknesse",+31(0)607 061243
Kick van der Horst,"Jamiestraat 84, 5696 JV, Losser",+31(0)93-0139973
Lieve Prins,"Jasperpad 9, 8135 US, Warns",(0716)-075982
Sander Veenendaal,"Alexanderpad 85, 2627DO, Jistrum",(048)-6404636
Mustafa de Hoogh-Wendt,"Nadineweg 183, 9072WU, Spui",+31549 306396
Julie Louws,"Thijnhof 5, 2647LD, Heeze",+31(0)86-2476563
Vajèn van Santen,"Yusufring 2, 7311LB, Schimmert",+31876-137134
Loek Bave,"Renskering 221, 6395OI, Sappemeer",(032) 3586178
Dewi van Zwaben,"Demiboulevard 009, 1189JX, Pingjum",+31(0)75-6272981
Aron Mansvelt,"Arielaan 358, 6636RB, Tienhoven",+3188 0594323
Joëlle Le Marec-Broeshart,"Zarahof 916, 3117 EF, Suwâld",+31(0)71-3771903
Sil Lucas,"Hiddeboulevard 79, 9324 VR, Saaksum",+31(0)986-929031
Sienna Texier,"Fayeboulevard 222, 7740FC, Marwijksoord",+3172 1927303
Dina Wunderink,"Lexboulevard 436, 8314UA, Overberg",+31(0)66-7466874
Luna Weerdenburg,"Maartenlaan 09, 6578 EJ, Westerbeek",+31(0)02-5650214
Naud Tammerijn,"Mirtering 887, 2014 YI, De Meern",+31137 433889
Julius Roodesteijn-Verhoeven,"Stanlaan 6, 3498 WV, Best",+3117-6307428
Matthijs van der Sande,"Nadiabaan 2, 2680 BW, Goingarijp",+31(0)14-5667363
Johannes van Luin,"Fennasteeg 9, 8293 UH, Oirsbeek",(0448) 678968
Evy Huijzing,"Selenahof 6, 1943 IV, de Lutte",+31518 018378
Hannah van Bergen,"Jakelaan 51, 8592 GR, Sint Geertruid",(0614) 577779
Lola Kleibrink,"Norahbaan 03, 7260YX, Rijsbergen",+31791-482321
Niek Simonis,"Maryamboulevard 407, 2190XF, Baarlo",0722 098897
Niek de Hoog,"Elinesteeg 79, 2477 KG, Marsum",+31(0)07-8771225
Dion Bakker,"Isesingel 05, 7093WY, Moorveld",074-8210211
Sepp de Graaf,"Dylanostraat 6, 2972 HG, Hoofddorp",+31866 223692
Tess Feltzer,"Lizlaan 420, 8200 GK, Zwaag",(093) 0723844
Nina Schrik,"Matsring 287, 6698LR, De Kiel",0088 155030
Nina Corstiaens,"Bohof 558, 1881BE, Wijnjewoude",+31794-293394
Mark Vegt,"Pepijnhof 83, 7706RI, Geerdijk",+31141 220441
Lise van Gastel-Brandt,"Ayasingel 95, 3155DD, Dronten",+3175-0671935
Berend van de Darnau-van Zwaben,"Meessteeg 4, 4313 ZB, Spui",+31(0)72 6242403
Guus Smits,"Joostdreef 4, 2504UA, Tirns",+31(0)88-1038460
Aylin de Haan,"Mickboulevard 456, 8347 QT, Beerta",0545 199563
Jan Ponci,"Isabelpad 48, 7737 CU, Rijs",+31(0)69-6221279
Jip Oostveen,"Meesdreef 050, 3579AS, Pernis Rotterdam",+31(0)389-202192
Aron Weerdenburg,"Jornsteeg 718, 8092 WW, Purmerland",+31(0)96 8525686
Dylan Houdijk,"Casperpad 9, 5598 OZ, Sassenheim",(088)-4463845
Jason van Drenthe-Adriaansen,"Boazsteeg 63, 8803 RB, Ruinen",+3125 6643045
Dirk den Buytelaar,"Noudsteeg 2, 8124GG, Wilsum",+31(0)93 2586287
Fem Spaan-Verboom,"Casdreef 475, 7291GN, Ede",+3147-8287804
Maurits van den Bergh,"Joliedreef 073, 5842 ST, Moordrecht",+31764-624931
Lily Tirie,"Aiméedreef 409, 1728TE, Berkenwoude",+31(0)811 238744
Kai van Grondelle-de Graaf,"Lanadreef 4, 1161PE, Landsmeer",+3105 1320119
Cato Janse,"Linastraat 42, 8404 WL, 't Veld",076-0358878
Jelte Waltrade Walderade,"Merlering 55, 4751 UQ, Someren",0793-830162
Olivier van Spreuwel,"Teunring 0, 4437 VF, Grevenbicht",+31(0)045-648581
Kian Mulder,"Mikasingel 99, 6642UW, Ursem gem. S",(0146)-809884
Aya Verheij,"Mettestraat 4, 3685 TV, Heijen",013 4255019
Ella de Korte,"Merlelaan 8, 4405 RR, Odiliapeel",(066)-0590500
Michael van der Pluijm,"Fennapad 114, 8916 LM, Elim",005 3853822
Evy Marchal,"Annehof 1, 7984TI, Gerkesklooster",+31331-034716
Alexander van Dijk,"Eviboulevard 9, 8455 HV, Achtmaal",002-3765111
Yinthe van Ooyen,"Gijsbaan 62, 9688 IX, Altforst",+31(0)500 282334
Vera de Heer,"Maaikestraat 4, 6880HO, Drachten-Azeven",+31(0)996 320384
Lotte Meijer-Mol,"Vincestraat 288, 1887JR, Thorn",+3165 7703130
Olivier van Engeland,"Phileinesteeg 07, 2449 PM, Nieuw- en Sint Joosland",0308 604220
Lise van Emmelen-Stoffel,"Annestraat 1, 7632 YV, IJmuiden",+31(0)95 7442196
Cato de Vroege-van Suinvorde,"Bjornring 154, 9537 DI, Diepenveen",+31(0)880-742620
Floris van Bunschoten,"Adrianasteeg 7, 5048OE, Ammerzoden",+3191 5277563
Anouk Mol-Meyer,"Evastraat 429, 1414TC, Jabeek",0954 110982
Maaike van Velzen,"Florissteeg 463, 2829AE, Kamperveen",+31(0)165 240027
Loïs de Kale,"Valentijnboulevard 091, 6263AA, Uitwellingerga",079-8672261
Lenn Lagerweij,"Jessebaan 2, 1655VK, Vragender",+31(0)62 1138691
Liza Scherms,"Mikapad 71, 6211UC, Gorssel",+31(0)62-2854450
Micha Bekbergen,"Lennpad 34, 8896 BE, Nooitgedacht",0780-126281
Lily van Arnsberg-van Doorn,"Iseboulevard 74, 2376 SK, Hilaard",0752 865938
Cas van Mil,"Elizapad 93, 9862 HU, Stroe",(0018) 252933
Jack van de Biesenbos,"Maryamstraat 149, 8501SC, Zoetermeer",039 4063144
Jan Robbrechts Bruijne-de Kok,"Amirboulevard 130, 3195FZ, Swolgen",+31310-036963
Noortje Vervoort-Jansen,"Fennadreef 33, 6848GD, Voorthuizen",056 1262221
Daphne Tins,"Hugoweg 9, 4414 QT, Dieden",(0134)-159970
Julian van het Heerenveen,"Sennhof 9, 3054LC, Bentveld",+31(0)058 663184
Ties Huurdeman,"Helenahof 60, 4275PF, Waarland",(0162)-531020
Sanne Pison,"Maralaan 552, 2038NJ, Delft",+3191-7795161
Arie Driessen,"Elenasteeg 236, 9269NL, Zuidermeer",(055)-7511616
Giel Greij,"Rikdreef 2, 7238ZO, De Westereen",0326 024794
Casper van Mispelen,"Rafpad 62, 9659UV, Middelharnis",+3145 4046988
Amelia Neuteboom,"Hannapad 8, 3146PG, Meteren",(089)-5580057
Mehmet Booden,"Casperlaan 6, 1691 WL, Barendrecht",+3161 8161218
Floor Cornelisz,"Philipring 5, 2964VB, Hiaure",+31(0)05 8222531
Lieke Dekker,"Loisweg 40, 3498OS, Zwartebroek",0781 430433
Kyano Rouwhorst,"Lizboulevard 37, 1820IS, Zandeweer",+3139 2789676
Michelle Wright,"Félinehof 830, 5954 EO, Grevenbicht",+31169 176651
James Spreeuw,"Fienlaan 988, 6302BV, Annen",0525-880010
Jay Loreal,"Pieterstraat 4, 8674 XY, Sint Odiliënberg",+3185-5893609
Pim Fremie,"Renskesingel 4, 7444 BQ, Zwiggelte",022 7485703
Sanne van Munster-van Wickerode,"Livdreef 86, 4264 GD, Wilbertoord",+31(0)665-204977
Jonathan Karels,"Quintenbaan 1, 5365LR, Reutum",(077) 0660868
Ecrin Jacobi,"Sterrelaan 5, 4786AH, Dalerpeel",(0960) 602952
Matthias van den Nieuwenhuijsen,"Seppweg 4, 2093NT, Vierpolders",(049) 6720413
Esther van 't Riet,"Siennalaan 4, 1706QQ, Garderen",+3166-7121830
Rens Spiker,"Roanweg 36, 8257OQ, Starnmeer",+31688-078961
Lara van der Hoeven,"Puckpad 483, 5779 JR, Kerkwerve",(0070)-538166
Mara Phillipsen-van de Wal,"Seppboulevard 75, 9324LH, de Hoef",+31854 798899
Ibrahim van Beek,"Nikkisingel 53, 1218 RI, Nieuw-Amsterdam",+31(0)514-814906
Fem de Haan-van der Velden,"Puckboulevard 2, 8067BC, Tiendeveen",+31(0)963 894260
Noud van Dongen,"Jenteweg 18, 9003 DT, Alphen",0071 482243
Charlotte Kok-Verkade,"Sylviesingel 7, 6433 WZ, 's-Gravenzande",+31(0)59 5853620
Robin van Engelen,"Bastiaanpad 5, 9602 VW, Almelo",+31(0)42-6346730
Amira Bud,"Rosabaan 554, 4656UR, Lage Vuursche",+31(0)984-907253
Tycho van der Noot,"Angelinahof 4, 8400 LW, Heythuysen",0752-803163
Dana Dennenberg,"Benjaminsteeg 51, 1945VP, Kampen",+31(0)576 645898
Yusuf Hendricks,"Noalaan 9, 9668 IG, Westbeemster",037 0570089
Noah Remmers,"Joeysteeg 45, 9167FQ, West-Terschelling",(012) 5212458
Rens Merckx,"Twansteeg 170, 2977 FF, Weteringbrug",+31(0)318-212207
Jesse van der Flaas,"Gielboulevard 6, 6958 GT, Eexterveenschekanaal",(0743) 896858
Kyara Grondel,"Madssingel 446, 5403GC, Zoetermeer",+31(0)39 4042126
Nadine Bloemendaal,"Yarasteeg 60, 2873 AL, De Meern",(063) 5289686
Yassin Matthews,"Chloëlaan 78, 5943FK, Kudelstaart",+31611 819095
Julie den Buytelaar,"Mohamedboulevard 575, 4147TP, Midwolde",+31(0)387 813549
Niels Barents-van Velzen,"Tobiaslaan 0, 6453OK, Molenhoek",+31672 397691
Bart Jansen-Kok,"Lucring 722, 6153 SG, Baexem",+3144-3406700
Selena Pratt,"Willembaan 971, 2898 MQ, Beerzerveld",074-6911946
Vince van der Avoirt-van Waas,"Ninthering 9, 3720 IU, Nistelrode",+31(0)33 7671101
Rick Blaak,"Sarasingel 75, 1241JM, Beerzerveld",+31(0)78-3292996
Thijmen Janssens,"Haileylaan 3, 2535SW, Waskemeer",+3114 8073446
Saar Wolfsdr-van Mispelen,"Lindseystraat 5, 5956 NB, De Meern",+31140 070194
Esmee Bastiaense,"Johannesweg 38, 2013GM, Beesel",+31599 281625
Lukas van Geffen-Weerdenburg,"Duukdreef 6, 6783XD, Lichtaard",(002) 2384116
Elizabeth de Wit,"Helenapad 89, 6818KW, Woudsend",+3104 8912754
Jasmijn Schuylenborch,"Chrisboulevard 1, 1945QD, Hattem",+31(0)27 2801316
Mirthe Postma,"Bastiaanboulevard 8, 7663 MQ, Eenum",(0146)-372287
Johannes Heere,"Boazlaan 6, 6180 OO, Easterlittens",(087)-6343350
Dana Voortman-van Wickerode,"Kevinweg 2, 6737LD, Rijsenhout",0986-088329
Dewi Merkx,"Maresingel 536, 2080 DS, Empe",(089) 1661919
Sander van Hemert-Wilson,"Yarasteeg 408, 5165FQ, Horssen",+31(0)647-990669
Tessa Middelkoop,"Ayoubsteeg 261, 6508 LT, Eethen",0995-653664
Maxim Westerbeek,"Bartboulevard 385, 3462 IX, Wierum",+31586-865243
Sander Goedhart,"Siemstraat 047, 4254UW, Noord-Scharwoude",+31(0)707-358845
Niels Wolfswinkel,"Elizestraat 225, 9712 TY, Waalre",(011) 3492119
Siem Ligtvoet,"Frederiqueboulevard 78, 3817 SX, Diever",+3171-8877671
Thomas van der Kaay,"Danielpad 281, 5805EV, Emst",0448-404369
Eliza de Vos,"Stefanweg 729, 7186TY, Uddel",(098) 9186649
Lana Woutersz-van de Coterlet,"Valerielaan 597, 1437ZV, Marijenkampen",+31(0)273 537442
Timo van Munster,"Estherweg 454, 7247 GJ, Jorwert",012-8478553
Evi van den Nyeuwenhuysen,"Tomweg 0, 8127TD, Zandpol",+3108-5799955
Jari de Heer-die Bont,"Laurensingel 413, 4826VJ, 't Goy",+31(0)93-7688354
Rayan d' Heripon,"Guuspad 768, 6461GK, Zweins",004-4899448
Rosalie van Vlaanderen,"Merlesteeg 1, 4549BZ, Grave",(039)-3777199
Alex Mathol,"Lucyring 87, 4941GA, Gasteren",+3118 8655179
Josephine Spiker,"Catoboulevard 8, 2555OK, Wijdewormer",+3128 1304351
Thijn Walter-Janssen,"Bilalpad 49, 3989 IH, Makkinga",(024) 2707455
Linde Jorlink,"Kimpad 6, 2515DB, Kilder",(068)-4161203
Maya van Luyssel,"Annemijnhof 758, 8653 EA, Ilpendam",(0891)-046920
Owen Kamper,"Zeynepbaan 65, 3665VM, Zevenhuizen",+31(0)64 0327745
Jenna Hazenveld,"Jasmijnpad 249, 4489 EU, Lambertschaag",(091)-0865572
Sophie Helmerhorst,"Aiméering 752, 5748ZH, IJzendoorn",(0663)-909866
Zara Zuijdveld,"Rickpad 269, 8974 EI, Steendam",(068)-3270241
Owen Lips-Zijlmans,"Jacobweg 36, 1000KQ, Witharen",0273-310020
Tom van Venrooy,"Daveboulevard 41, 7507 MR, Tull en 't Waal",+3198-5445424
Lisa Hoes,"Koenboulevard 1, 6121DV, Frederiksoord",(098)-0236459
Eliza Heinrichs,"Rafaelboulevard 847, 4566 GK, Groeningen",(0362)-345122
Pim Reijers,"Elizehof 0, 9925KS, Lemele",+31(0)684-556769
Bas van Formbach,"Melissabaan 3, 8697QM, Oudezijl",+3167-0894945
Mika Evers-Lafleur,"Dylanboulevard 350, 4260YY, Spierdijk",+31(0)333-549481
Josephine Stange,"Isepad 7, 1283KB, Drieborg",+3111 8451917
Noud Meyer,"Jansingel 2, 9476 EY, Stokkum",0902 395176
Liv Mahieu,"Matthiasweg 5, 9453DJ, Ee",065-4304054
Lisa Keijzer-Helmerhorst,"Emilybaan 117, 7166 JR, Wijnjewoude",+31(0)044-619025
Rafael de Keijzer,"Sennlaan 94, 7006 HL, Saaxumhuizen",0133 183167
Leon Coreth von und zu Coredo und Starkenberg,"Aliciabaan 8, 4563DU, Vught",0781 778242
Rik Winnrich,"Tijmenpad 881, 4042 OQ, Veenendaal",+3113-0016151
Mees Kuiper,"Lizzylaan 5, 7936 ZS, Zegveld",+3140 0881414
Luc van Liendert,"Mikaboulevard 1, 2133NC, Huizen",(086)-8376286
Nisa Korstman,"Valeriebaan 08, 8785EA, Marrum",(068)-2100509
Mohamed Velderman,"Miabaan 3, 7597 UE, Akkrum",064 8697493
Feline Boers,"Rooslaan 3, 3174 RZ, Noardburgum",0700 847307
Ali Hoppenbrouwer-Schilt,"Catharinasteeg 51, 8264 GG, Bruchterveld",+3149 3367926
Bram Puig,"Twansingel 3, 8061EX, Scheerwolde",0728-190655
Rick van Opper-Lotharingen,"Joybaan 63, 6054 ED, Scharnegoutum",+31(0)60-5322488
Hanna Rehorst,"Leviweg 02, 5166 BB, Sumar",049 6268067
Vajèn Boudewijns-de Korte,"Jesperhof 1, 3996XX, Niebert",+31(0)672-007834
Adriana van Spreuwel-Lankle,"Oliviabaan 930, 7761 MR, Grijpskerk",(0575)-240046
Senna Berends,"Emmaboulevard 170, 9275HW, Hekendorp",074 1300224
Angelina van Landen,"Michaellaan 67, 3721 PQ, Wanroij",+31(0)070-460800
Jim Janse,"Maximdreef 0, 7479WD, Ootmarsum",(091) 9055958
Joël van Geenen,"Sennboulevard 887, 9820XS, Mheer",+31518-340553
Sem Lind,"Twansteeg 06, 8937FY, Dwingeloo",0091-478672
Nick van Gorp,"Joepring 418, 1446RT, Zevenbergen",(019) 9944209
Ian Meijer,"Lucybaan 74, 3083IZ, Oosterbierum",0953-179114
Mila van Wassenaar-Hoeks,"Larsweg 99, 8397 WP, Hengevelde",(049)-3042529
Xavi de Werd-Giselmeyer,"Lucylaan 6, 6513 BN, Genderen",(078) 6009948
Liz de Groot,"Daniboulevard 224, 9955TR, Spijk Gn",(077)-3221382
Tijs VI-Kalman,"Noudpad 189, 5892XX, Vrouwenpolder",+31(0)448 359168
Lukas van den Nuwenhijsen,"Jolieweg 738, 2489XC, Sliedrecht",017-8177105
Joey van Wassenaar,"Lucdreef 5, 3231 TN, Achterveld",0959 846315
Luca Lage,"Ariepad 426, 1176IM, Leuvenheim",(039)-8018168
Sil van den Hoek,"Olafhof 6, 3449 LK, Westwoud",(052) 0708121
Suus van de Greef,"Ceylinbaan 12, 4257 KR, Ameide",+31757 336176
Amira de Kok-Coolen,"Isabellahof 56, 8709VQ, Zeijerveen",+3164 4528365
Keano van Asten,"Tararing 61, 9385MB, Goutum",+31(0)75 4963718
Kate Heere,"Valentijnboulevard 11, 8238EI, Ederveen",0347-012231
Jasper van de Weterink,"Aidenstraat 71, 6098 JS, Stellendam",+3152 2230477
Joël van Rijnsbergen,"Lukesingel 330, 1454 ST, Húns",066-5060242
Adam Tuithof,"Luukdreef 92, 4861HO, Sint-Annaland",+31(0)808 719640
Samuel Chotzen,"Aminasingel 1, 5165UW, Leons",+31588-420821
Amir van Dalem-Kerkhof,"Victoriaboulevard 499, 3787NI, Vierhouten",+31(0)532-410749
Joshua van der Hoeven-de Smit,"Wesleysteeg 2, 3709NA, Papenhoven",+31(0)49 2421163
Emily Wendt,"Floorboulevard 2, 9473 FD, Oud Ade",+31(0)01-6842025
Jelte Laffray,"Bartboulevard 37, 2214 AN, Geesteren",0270-264160
James Bud-Die Bont,"Roanstraat 137, 1850SD, Balk",(039) 6560649
Jort Draaisma,"Joëlsingel 524, 8975XU, Stroe",+31(0)03 1518393
Imke Kok,"Joeysingel 6, 4535 GI, Nieuw Beerta",0101-295108
Elin van Rijthoven-Hoogers,"Jurrelaan 72, 2968 SC, Kaard",0542 396713
Jesse van 't Wel,"Semsteeg 818, 5300 CI, Hooge Mierde",(063) 7151493
Dave Luster,"Helenadreef 8, 9522NR, Ossenzijl",+31(0)56-0038806
Emir le Guellec,"Jessesingel 7, 9713LY, Meerstad",+31223 998419
Kyra van der Schuijt,"Wesleystraat 616, 4953CD, Maastricht",+31405-392788
Ruben de Gruijter,"Kayleighlaan 987, 8268WZ, Goudriaan",+31(0)684-681911
Jack van Boven,"Lievebaan 623, 3294WD, Eys",0150 727699
Youssef van Boven-Strik,"Elizabethdreef 053, 9511LY, Serooskerke",049 6718520
Teun van den Berg,"Fayring 18, 2571OQ, Haskerdijken",(082)-3895137
Annemijn Broek,"Amirlaan 003, 5169GJ, Hooglanderveen",+31(0)332 176435
Amy de Kale,"Lizzbaan 74, 6380 AJ, Niezijl",+31809-377194
Ayden van der Pol,"Laurenhof 207, 9177CH, Rijswijk (GLD)",+31381 858166
Bente de Vroege-van den Velde,"Rosalielaan 59, 3349 TJ, Annerveenschekanaal",+31(0)15-1282670
Aimée Kalman,"Ariestraat 5, 4747 FH, Ulicoten",+31804 096512
Ruben van Brenen-Hak,"Stefdreef 91, 9636KL, Haaksbergen",(035)-0664377
Jesper Mulder,"Jadering 914, 3248 GJ, Nieuwveen",(0421) 426788
Gerrit Everts-Greij,"Inayaweg 4, 4049 AU, Manderveen",+3172-1075412
Lizzy Hexspoor,"Lizapad 758, 6334NM, Bovensmilde",+31193-130868
Sam van Vlaanderen,"Hendriksteeg 4, 7065 KR, Vilsteren",+31(0)44-1438767
Bilal Alpaidis,"Myrthelaan 1, 6649 YG, Grubbenvorst",+31(0)47-8154013
Jens Hakker-Peeters,"Elizadreef 70, 5295 QZ, Hezingen",(0298)-209662
Nora Scharroo,"Lukapad 5, 6346 JA, De Zilk",0027-345899
Mads Briere,"Roanpad 705, 6164 ZV, Kedichem",(036)-2646770
Vincent Boer,"Bentelaan 33, 1455 BW, Sommelsdijk",+31(0)43 6271811
Mehmet Lamore,"Oliviahof 26, 9341 QB, Hoenzadriel",0613-471466
Mila van der Mast,"Jonashof 54, 6973 ZH, Gennep",+31387 766206
Thijmen de Grunt-Butselaar,"Jadering 073, 8453 RX, Berg en Dal",+31(0)292-431774
Yinthe van den Brand-Brugman,"Standreef 18, 7113 XI, Sirjansland",+31662-810835
Rosa van Wel,"Yusufhof 074, 1110OG, Schimmert",050 6800780
Giovanni Elberts,"Isabaan 4, 6869XY, Asperen",+31900 855964
Bo Takkelenburg-van Laarhoven,"Roosbaan 8, 4855 FL, De Pol",+3117-3641297
Tim Speijer,"Jenniferboulevard 6, 4938 GZ, Lijnden",(065)-1971697
Joël Lutterveld,"Izestraat 633, 7824 YY, Frederiksoord",+31(0)850-514616
Kate van der Strigt-Merkx,"Mehmetboulevard 2, 2338 AG, Bronneger",+31(0)98-5729353
Thijmen Salet-Moet,"Sillaan 517, 2653PT, Zoeterwoude",+31(0)03 1486331
Isabella Bosch,"Aliring 73, 3413YK, Arcen",+31(0)04 2272920
Mathijs van de Wiel-Lensen,"Gijsbaan 4, 5864 BK, Heeten",+31(0)569 659983
Bastiaan Honing,"Davesingel 191, 2686 KV, Moddergat",(0244)-209616
Jan Appelman,"Fabiënnesteeg 749, 6599 QD, Collendoorn",+31(0)386 754771
Thijn Meyer-Mulder,"Linasingel 33, 2684OD, Heveadorp",067 5230399
Elise Willems van Lier-Huijbrechts,"Joeystraat 2, 3786 MC, Sint Geertruid",+31(0)863-996143
Tygo van Emmelen,"Feddelaan 211, 6509 HB, Galder",+31(0)07 4928454
Siem van Loon,"Kikiring 733, 1143 NP, Sint Maartensvlotbrug",(002) 3153624
Isa Jerusalem,"Mareweg 3, 2834 EN, Broekland",060 0793666
Esmée van Brenen,"Guusjesteeg 6, 7023 RJ, Westknollendam",(009)-5726742
Amin van Hulten,"Dirkstraat 36, 4414 AF, Hartwerd",+3148-3475213
Ravi Puig,"Ivanring 32, 5114CA, Hemrik",+31(0)264 015111
Siem Schuylenborch,"Samibaan 4, 5424UG, Koudum",+31148 632329
Beau Butselaar-van Loon,"Senndreef 427, 5803VA, Delfstrahuizen",+31(0)796 567170
Amelia Frerichs,"Marklaan 1, 1928MD, Beek en Donk",(0628) 296950
Kaylee Kamper,"Aminring 6, 4415LL, Schagerbrug",0746 142047
Leah Vos,"Jacobweg 407, 1072JN, Kropswolde",+31(0)23 5772605
Hailey Kruns-Smit,"Dewibaan 98, 3284UR, Zurich",(063)-7688763
Anna Beernink,"Fienpad 02, 1710 YD, Ezinge",076-5429525
Cato Lucas-Kleijse,"Felixring 866, 2430OP, Santpoort-Noord",+31(0)57 4137991
Timo van Beeck Beeckmans,"Quinnlaan 131, 7533RW, Lekkum",0920-022332
Mark Bouthoorn,"Bryanboulevard 0, 7844 QG, Arum",(0225)-095937
Naud Oosterhout,"Félinesteeg 55, 4777 JI, Wieringerwaard",063-8431198
Tycho van Enschot-van der Hoeven,"Loishof 767, 8023UX, Vlijmen",0057 698467
Thijn Zwijsen-van de Elzas,"Azrasteeg 2, 4118DU, Greonterp",(0726)-045288
Dave van Hagen,"Valentijnweg 00, 5206 MQ, Heemskerk",0598-289661
Olivia Middelkoop-Brievingh,"Miloudreef 855, 3135JB, Ambt Delden",+3121-7580422
Kai Waltrade Walderade-de Man,"Esmeelaan 9, 9942 FY, Stokkum",008-1702654
Michelle Bosch,"Sterrepad 889, 5124 FX, Kelpen-Oler",+31(0)20-9772179
Hanna van der Mast,"Fleurbaan 734, 4246LY, Spankeren",(011) 3490373
Livia Meis,"Alyssasingel 526, 1116 IM, Diffelen",+31(0)84-7053830
Maxim Schatteleijn,"Borissteeg 58, 9924TX, Luttelgeest",+3120 0266718
Floris Rietveld-Heijmen,"Pimlaan 542, 1835XT, Zuidermeer",(0598)-691926
Thijmen Marchand,"Ivansingel 8, 3172 PA, Oudeschoot",+3109-7474838
Esmee Hendricks-van Saksen,"Maximhof 51, 7072CV, Merselo",+31137-418858
Lieve Beernink-Groenendaal,"Juulring 09, 6558ZV, Boerakker",(088) 3035287
Julian Wilson-van Dalem,"Nathanring 7, 1408AC, Mijdrecht",0672 965897
Josephine van de Berg,"Masonweg 167, 2568 DL, Zeddam",+31598 345329
Sterre Meeres,"Samiring 406, 3024 HP, Marwijksoord",+31(0)40-6156226
Ella Werdes,"Olafboulevard 276, 4421 BC, Sint Odiliënberg",0367-796884
Jonas Stuivenberg,"Felinehof 5, 6662MR, Medemblik",(006)-1854029
Evelien Dijkstra-Room,"Romyboulevard 786, 1663 OL, Idsegahuizum",+3183 7712981
Stefan van Loon,"Fennaweg 7, 6362JB, Odoorn",(0838)-068483
Elise Tirie,"Isabellaweg 47, 9650 KI, Geleen",081 2713055
Livia Françoise,"Jenssteeg 6, 7247YW, Huisduinen",+31(0)42 3168698
Tobias Bosch,"Kayleering 2, 3922 DC, Winterswijk Meddo",003-4801056
Job Zijlmans,"Fennalaan 8, 6615HW, Colmschate",+3129 0548879
Zakaria Brievingh,"Brenthof 311, 2950UJ, Goes",(084)-5773184
Lieve de Groot-Chrodtrud,"Jobbaan 115, 7186 RR, Amerongen",(075) 6478581
Sten Le Grand-van Leeuwen,"Mohammedbaan 6, 9509MF, Nieuwerkerk",+3171-1925907
Stella Janse,"Julialaan 5, 9854SB, Dieverbrug",+31873 862254
Tobias Brisee,"Piensteeg 6, 5003 MQ, Brandwijk",089-8737243
Maria van Olst-Blom,"Kiandreef 93, 1209BS, Sexbierum",094-9462735
Fabian van der Zijl,"Semsingel 4, 4679DI, Gerkesklooster",+3181 3296899
Eliza Verheuvel,"Jurreboulevard 93, 4269NR, Landsmeer",+31481-820304
Raf de Jonge,"Sebastiaanboulevard 4, 8253 MW, Katlijk",(065)-0801212
Mads Huijzing-van Enschot,"Kyrahof 935, 2911WY, Lith",+31(0)280 416023
Dion Wouters,"Sannebaan 632, 6149 WD, Acquoy",028 7714445
Collin de Kale,"Emirdreef 655, 6253VB, Lage Zwaluwe",(089)-6099680
Matthijs Korstman,"Elizepad 7, 8272XL, Gieten",+3165-3249268
Luc Hekker-Uittenbosch,"Daanring 747, 2482 RD, Amstenrade",+31(0)647 615255
Sven van Landen,"Danaweg 6, 7155BA, Oosterblokker",(0870) 464943
Bram van den Brink,"Maryamhof 827, 5805 NF, Lage Zwaluwe",(0844)-317648
Luke Kalman,"Irissteeg 97, 1578 VQ, Den Andel",(062)-8882424
Kyan van Dongen,"Brianweg 909, 1240LO, Waskemeer",(040) 9564637
Zara Verbruggen,"Boazring 13, 2476 DV, Yde",0249-012771
Gijs Arts,"Yasminesteeg 4, 9561 CL, Gasteren",(094) 7449616
Luc van Dongen-Cant,"Olivierbaan 144, 5003 MZ, Nijeberkoop",0376-842703
Rik van der Klein,"Madsdreef 98, 1955 EV, Heeten",(0365) 428269
Luc de Gruson-Steenbeek,"Kickhof 44, 9338BO, Sint Annen",+31(0)25 2154841
Tijs van Gelder-Haack,"Owenbaan 22, 6681 EI, Cadzand",(0613) 790196
Evelien Bezemer,"Marksteeg 490, 4910QQ, Wilsum",(0269)-508493
Bas Brandt,"Bartpad 8, 9283TR, Haarle",+31193-740137
Aimée van der Linden,"Norasteeg 219, 3549FI, Woerden",+31(0)439-899168
Jayda van Berkel,"Linaweg 019, 6897 IE, 2e Exloërmond",+31(0)08-4187769
Laura van Breugel,"Daniëlbaan 27, 9026 TE, Roggel",(0427) 836269
Zeynep Marceron,"Sophiehof 96, 9503KI, Gellicum",(0153) 525495
Maya Gerritsen,"Brampad 96, 7410NY, Zeerijp",098 1354434
Thijs Schagen,"Jonasweg 721, 2082 YX, Moerdijk",077-3106185
Elise Lether,"Feddesingel 39, 2465AB, Burgerveen",(048) 8887410
Teun van der Horst,"Lunadreef 96, 2921AZ, Steensel",0274-781507
Pepijn van Loon,"Loeksingel 9, 4125QP, Diever",+31(0)180-556234
Amir van der Wal,"Alipad 76, 8008QK, Woubrugge",+3150-7049463
Laurens van Gastel,"Aminring 51, 8117NG, Lopikerkapel",0844 999469
Elena van Ooyen,"Emmaring 18, 4622DI, Winterswijk Brinkheurne",(0066)-691213
Jay van Susa,"Sennring 7, 4373 VY, Gendt",(0620) 499771
Imke Lambregt-Postma,"Lotsteeg 156, 6361UH, Ellewoutsdijk",+3191-5927878
Matthias Elberts,"Brentdreef 77, 2554 ZF, Offingawier",+31(0)34 5450735
Noor Lucas,"Daniboulevard 29, 8510FZ, Leuvenheim",007-6787312
Maud Bartels,"Merlelaan 42, 1818 MM, Sebaldeburen",090 0900169
Silke de Haan,"Gijsboulevard 169, 5745UI, Nieuwendijk",+31(0)137-381824
Liza van Wijk,"Floorring 85, 2027LV, Winterswijk Miste",0607 892018
Yinthe Mol,"Mikastraat 0, 4421SA, Wetering",+31(0)787-308063
Sep de Vries-Zeemans,"Siemsteeg 7, 4702 DU, Formerum",006 6122073
Sofia Wooning-van der Sloot,"Dinastraat 6, 3929 SW, Winssen",001-3361711
Kyra van den Berg,"Hannahof 8, 3246HL, Echt",(0444)-332542
Bo Verheuvel,"Evihof 90, 8231OI, Vierpolders",+31738 880277
Joëlle van den Nuwenhuysen,"Merlering 090, 7944 ZQ, Visvliet",+3165 9805387
Juul Zuidweg,"Isepad 0, 8433JN, Winterswijk",+3132 9571323
Beau Claesner,"Elinhof 4, 4759 PK, Bergambacht",(0230)-560133
Fabiënne Huurdeman,"Romyboulevard 5, 8605QY, Twello",(0295) 475559
Michelle van de Leemput-Vergeer,"Marinusweg 41, 1782 KF, Waarder",+3199-6152217
Chloë Schipper,"Kiansingel 7, 8082 EO, Krewerd",0167-252447
Chloë de Heer,"Loesweg 954, 2834 GE, Sint Agatha",005 9755800
Tycho Corstiaens,"Hannaring 902, 7747 DL, Nes",+31392 959547
Isa Mijsberg-Lankle,"Emilysteeg 6, 9107FX, Bunde",+31(0)229-174736
Emir Rietveld-van 't Riet,"Yusufstraat 3, 8797 HH, Boornzwaag",+31(0)476-703796
Zakaria Aelftrud van Wessex,"Marijnboulevard 23, 6725 BN, Nijkerk",+3184-8325438
Vincent Kathagen,"Ameliaring 9, 6770 AG, Klijndijk",+31212-967876
Vincent Kremer,"Maartjeweg 6, 6996OH, Donderen",+3144 2784424
Melissa Duivenvoorden,"Sararing 895, 1726 OF, Snikzwaag",+31370 563063
Youssef Brouwer,"Lindeweg 699, 2000HM, Kronenberg",+31(0)00-2665423
Adriana Luboch-de Vrome,"Felinesteeg 12, 8626WI, Terband",+31343 796729
David van de Eerenbeemt,"Louisestraat 75, 9149 TZ, Waardhuizen",+3192-6683935
Elise van den Berg,"Jentestraat 06, 3852AZ, Monnickendam",+3117 3410949
Valerie de Bruijn,"Davering 9, 5116 NV, Genemuiden",(062) 1861374
Lena Le Grand,"Bibiboulevard 048, 3437HD, Oude Wetering",037 0309648
Amina Doesburg,"Josephineweg 55, 9247FY, Schalkhaar",(092) 3313564
Liv Rietveld,"Koendreef 84, 3693 WG, Aalsum",+31(0)994 493763
Vigo van der Flaas,"Mickweg 7, 2854 HB, Sassenheim",+31(0)446-559496
Finn Goderts-van Brunswijk,"Lunadreef 25, 8172 NO, Walsoorden",(0628) 197414
Colin van Velzen,"Rikring 29, 3396MD, Ledeacker",+31(0)071-672581
Ibrahim van den Broek,"Janweg 138, 7419 UX, Markenbinnen",0418 496218
Thijmen Soos-van der Veen,"Loisboulevard 8, 8459 US, Wieringerwaard",(0554)-182706
Noëlle van Metz,"Yassinboulevard 811, 9854BR, Zwaagdijk-Oost",+31421-892392
Yassin Heinrichs,"Evylaan 2, 1555GA, Vierakker",046 7679732
Stijn Totwiller,"Elizabethbaan 0, 7226 CB, Marijenkampen",+31(0)88-8283041
Madelief Galijn,"Eviepad 2, 9904 IS, Opeinde",(0892)-644540
Olivia Persijn,"Jimdreef 0, 4479QN, Well L",+31(0)93 9550845
Lola van Dijk,"Lexring 9, 6807ZL, Frederiksoord",+3167 4404335
Thom Brizee,"Yasminesteeg 2, 2468 ZG, Follega",+31994-179230
Kay Schellekens,"Bradleysingel 3, 8616DT, Teroele",098 3400397
Elisa Garret,"Jetstraat 93, 1181 MK, Borssele",089-0678121
Fedde Timmermans,"Piensteeg 909, 8392GP, Sappemeer",+3143 6545608
Jaylinn Oosterhout,"Wesleyhof 453, 7782NV, Hoedekenskerke",+31(0)109-613966
Boris Palman,"Isadreef 139, 4289 GG, Kedichem",+31(0)47-9274731
Lizz Hollander,"Myrthering 680, 5293DT, Angerlo",+31135 700791
Jenna Sestig,"Maximweg 589, 3524 HE, Vlierden",+31019 357624
Aron de Hoog,"Quintydreef 688, 8646 TP, Workum",(0058) 189398
Rick Recers,"Elisabethboulevard 9, 8881CM, Purmer",047-0316942
Esther Vastenhouw,"Nielsboulevard 3, 3219XC, Nijeberkoop",+31803 630671
Elisabeth Lambers-van Daal,"Fayesteeg 0, 3147 UM, Rotterdam-Albrandswaard",(070)-2503850
Riley Arent,"Mikehof 60, 2474 AE, Den Dolder",(022) 7442831
Zakaria Bruynzeels-Welf,"Juliusdreef 725, 3956 TL, Luxwoude",+31108-512875
Jurre van Leuven,"Robinweg 328, 5236 CK, Doldersum",+31(0)163 100989
Bilal Stoffel,"Lucasbaan 56, 6312 PF, Arum",011-3314305
Jesper de Lange,"Miahof 5, 7018 JP, Knegsel",014-6982715
Merel Groote,"Jippad 89, 6930 BN, Grafhorst",+31(0)613-508047
Tobias Boeser-Janssens,"Amyhof 96, 8718YE, Evertsoord",0998-523406
Isa Vaessen,"Marering 86, 7885QH, Leiderdorp",+3110 2044202
Eline de Groot,"Madspad 58, 8468 KI, Hernen",+31(0)205 657338
Nout Govarts,"Michellehof 4, 9622 ZX, De Moer",+31(0)560-592928
Sebastiaan le Briel,"Emirsteeg 12, 1025 TH, Broekhuizenvorst",087-2436192
Noortje Simons,"Nathansingel 803, 3537TO, Puth",0013-402555
Sjoerd Slingerland,"Bastiaanring 3, 6385GI, Goes",0752-058870
Liza Adriaansen-Stange,"Dylanoring 1, 2809BB, Anevelde",(064) 4276442
Luuk Bouthoorn-van Wijland,"Lukadreef 251, 6190 IV, Munstergeleen",(0855)-823072
Naud van der Laan,"Madeliefring 956, 4511 JP, Burgerbrug",0456 561774
Collin le Guellec,"Vincentring 4, 7982 QP, Arriën",+31969 549945
Imke Konings,"Aminboulevard 38, 6080AN, Halsteren",+31(0)998-199263
Lukas van Kempen-van Kuijc van Malsen,"Novabaan 353, 9232FU, Moerdijk",+3161 2175891
Nikki Weijters,"Ryanlaan 48, 9785 PB, Gendt",0779 066984
Amir Oude Heer,"Lunasingel 868, 3092PY, Fluitenberg",+3196 8022185
Joey Lankle,"Rayansingel 8, 5940 UW, Angerlo",(0282) 592090
Hailey Hendriks,"Sennlaan 18, 8532UI, De Meern",(061)-6914056
Madelief Luster,"Anoukbaan 1, 1942 JO, Bruchem",(068) 2790222
Julie Wilmont,"Jennaring 2, 3468MQ, Witte Paarden",021 6292831
Guusje van der Sande,"Maraboulevard 9, 4245SF, Sambeek",(043) 5642425
Xavi van Oirschot,"Sterrehof 33, 6192 JR, Ilpendam",(0532) 473486
Puck Alpaidis,"Tarabaan 864, 7014RP, Kiel-Windeweer",(094)-9171282
Lot van der Avoirt,"Xavidreef 98, 1099QB, Zieuwent",0131 434558
Amir Timmermans,"Marijnbaan 93, 1698TM, Baarland",(0705) 509305
Liz Visser,"Maudsteeg 9, 5140 EC, Rha",+31(0)51 3939392
Faye Le Grand-van de Ven,"Mirtepad 64, 6484QS, Noardburgum",+31331 363198
Julian Kriens,"Benthehof 358, 9150XJ, Matsloot",(0637)-985264
Janne Fortuyn-van Hamaland,"Kevinboulevard 17, 3276GQ, Opende",+31(0)180 112880
Pieter Nollee,"Tristandreef 504, 4440 QS, Heteren",0557 139341
Robin Evers,"Kyanweg 975, 2516SJ, Terhole",+3139-4906828
Kick van der Wal-Vergeer,"Irissingel 8, 4308 KO, Visvliet",+31(0)05-9747124
Julius Saxo-Dachgelder,"Stijnsingel 69, 5529KD, Sint-Oedenrode",+31660-070928
Cornelia van der Wal,"Laraboulevard 30, 4721ZM, Follega",+31183-487449
Lieve Nek,"Loladreef 7, 8752JZ, Klaaswaal",080-9660625
Elisabeth Cosman,"Isispad 67, 6975TQ, Rotterdam-Albrandswaard",0807-788956
Daphne Meeusen,"Ellahof 4, 3623VW, Wezup",000 6275485
Lisa van Bentheim,"Juliapad 91, 7231 BV, Oostrum",+31(0)832 025950
Jake Hoeks,"Melissahof 7, 2584JT, Hippolytushoef",+3184-9462761
Dex Ramaker-Lind,"Morrishof 33, 2155 JK, Nieuwe Wetering",066 6714753
Dewi Schuurmans,"Zeyneplaan 9, 6289 DZ, Kring van Dorth",+31(0)51-0234395
Kyra Guit,"Tobiasring 4, 3605 BQ, Dongjum",+31510-184416
Puk The Elder-Wildschut,"Milanweg 096, 4092 UM, Naarden",008 2625126
Twan van Westfalen,"Evieweg 55, 5202 CH, Hengelo (Gld)",+31(0)925-126887
Senna Eckhardt,"Meesring 1, 1398 FQ, Mariahout",+31(0)485-514602
Silke Geerts,"Aaliyahbaan 848, 2090QX, Leuth",+31926-278318
Femke Roose,"Daanpad 070, 3890 WI, Eexterzandvoort",+31083 507486
Thijs Vallenduuk-de Groot,"Elizabethboulevard 085, 4408 FQ, Vaassen",0230 892819
Leah die Witte,"Lievering 04, 5773 VK, Schiphol",+3126-9392568
Stef Mallien-Kas,"Tobiassteeg 3, 9916 GJ, Dieverbrug",0495 408196
Dirk Hakker-Schwartsbach,"Lukebaan 97, 5627 RH, Borgsweer",0571 626398
Julia den Buytelaar-van de Elzas,"Fatimabaan 4, 2155VU, Rasquert",0705-107434
Leah Jansen,"Jeltedreef 7, 7926 CW, Idzega",0398-836995
Chloé de Grunt,"Wouterweg 634, 5498 FI, Lomm",(029) 8149559
Sanne Klerks,"Tomsingel 35, 4593YR, Honselersdijk",(0364) 046420
Alicia Adryaens,"Jenniferboulevard 81, 4877 FE, 's-Gravendeel",+31(0)42-1952633
Lynn van den Brink-Wolters,"Daniquesingel 896, 9988RP, Capelle aan den IJssel",(0359)-964458
"Emily Bourgondië, van","Lizapad 325, 2655 DH, Zaandijk",+31420-129058
Janne Hendriks,"Thijmenweg 7, 7781QE, Loozen",004 9157715
Ryan van 't Erve,"Eviweg 023, 9711SL, Rijswijk (GLD)",(0084)-225496
Fiene Manne,"Brittweg 77, 3917HR, Exmorra",+31(0)81 3992370
Maaike Brugman-Hoelen,"Loespad 627, 9941 IZ, Mariahout",+3186 3144279
Jordy Hofman,"Robinboulevard 9, 9497PH, Hoogerheide",+31(0)19-5767825
Ninthe Luboch,"Ariedreef 281, 7420KN, Steyl",056-0102431
Wouter Verhagen,"Demiboulevard 9, 7541LP, Snakkerburen",+3136-0559772
Lieke Jansse,"Robinsteeg 102, 8445 TH, Schipborg",0472 349082
Esila Lether,"Mikasteeg 288, 7756 LW, Oldetrijne",0153-080421
Abel Slagmolen,"Imkering 609, 6812 YH, Driebergen-Rijsenburg",+31(0)98 3602836
Luuk van der Lede-de Wit,"Frederiquebaan 43, 9843BO, Peins",026 6137300
Johannes de Haas,"Sebastiaanboulevard 0, 2557WX, Mander",+31(0)016 566677
Tristan van Wel,"Felixbaan 5, 7198PZ, Eijsden",074 4534654
Iris van Kuijc,"Youssefring 23, 7164VJ, Benneveld",+31636-760332
Hendrik Stinis-Schagen,"Isalaan 59, 6205 IE, Eenum",077 2858295
Micha Jdotte,"Isabellehof 9, 4780MY, Boazum",+31624 398495
Amir van den Bergh,"Ninthestraat 2, 7182ZQ, Bakkeveen",034 9972854
Kevin Boers-Vermeulen,"Maradreef 577, 2466AT, Puiflijk",0878-746655
Stan van den Nuwenhuijzen,"Julianhof 155, 7587JQ, Ressen",+31246 228036
Mustafa Groenendaal,"Mikalaan 25, 6485DX, Sibculo",(0902) 832242
Fenne Heerschop,"Caspersteeg 721, 6881ZT, Midwolda",+31(0)298-003675
Tobias Klein-van Ham,"Xavisingel 7, 1524 IX, Wezuperbrug",+31811 459318
Simon Wilson-Huijzing,"Wouterpad 39, 4821OT, Leur",+31(0)369 930559
Elise van de Klashorst,"Gijsbaan 08, 6131 MM, Paesens",+31(0)901 383348
Mason van den Oever,"Jonasstraat 14, 5026 ME, Doldersum",+3184-3864197
Sienna The Elder,"Emmaweg 545, 9836XI, Duiven",+31244 690317
Rayan Lelijveld,"Bjornbaan 33, 4783 ZV, Heinkenszand",+31(0)617-479994
Lena van den Brand,"Lukeweg 3, 5504RM, Kolderwolde",(0945) 705047
Elias Roodesteijn-van den Nuwenhuijzen,"Naomiweg 62, 7447 TF, Westerbroek",(090) 8734687
Koen van Boulogne,"Fennabaan 66, 1524 RO, Oisterwijk",(0480)-941543
Marit Diesbergen,"Yassindreef 40, 4100YD, Wassenaar",+31578 533304
Colin Kathagen-Merkx,"Muhammedpad 69, 7012 JA, Landerum",+31171-970324
Boaz Karels,"Raviring 467, 5793ZO, Waalre",+31(0)497-793734
Fabiënne Woutersz,"Maartenhof 73, 8658LR, Heukelom",+3164-0362902
Vera Labado,"Nienkelaan 1, 2509BE, Maastricht",0889-724320
Amber van Loon,"Jiphof 242, 2781IC, Leeuwarden",(0888) 984459
Victor Kort,"Veralaan 710, 6043LZ, Vredepeel",0408 905763
Lex Sterkman,"Tarabaan 85, 2716 BL, Houwerzijl",(0995) 604171
Silke van Opper-Lotharingen-Kuijpers,"Mirthehof 816, 1887KA, Nijkerkerveen",+31(0)334-686965
Nadine Pieters van der Maes,"Mellehof 76, 9022LT, Delden",051 9150267
Youssef van den Nyeuwenhuysen-van den Nuwenhuysen,"Juliebaan 4, 8968QO, Terschuur",+31(0)59 0806862
Ilse Olykan,"Pieterlaan 06, 4009 FS, Noordeinde Gld",(0756) 474794
Olivia Hakker,"Wesselstraat 8, 8972RT, Loo Gld",076 5900170
Sil Carnotte,"Xavistraat 8, 6960 TQ, Lichtenvoorde",+31199-202066
Dex Veenstra,"Annesingel 6, 3110QE, Bunne",040-0544065
Lola Adriaansen,"Bastiaanboulevard 362, 9290FF, Egmond aan Zee",0978-239296
Nora Brandt,"Faybaan 323, 7690LS, Well L",036 1843596
Aimée Lathrope,"Noahsteeg 62, 4799 XG, Kootstertille",+31(0)026 020888
Mats Lorreijn,"Isedreef 1, 8129 CT, Nieuwebrug",+3175 8269404
Floortje Eckhardt,"Fennasingel 011, 8610 XO, Wetsinge",+31644-610617
Collin van Opper-Lotharingen,"Felinedreef 59, 6671 JJ, Pijnacker",0894-020207
Anouk Peters-Adriaensdr,"Lisannelaan 466, 3994OT, Lage Zwaluwe",049 2022893
Lieve Otte,"Rosaliedreef 43, 2206KS, Stitswerd",+31515 314537
